ISO-10303-21;
HEADER;
FILE_DESCRIPTION (( 'STEP AP203' ),
    '1' );
FILE_NAME ('19in_Dual_SBS-Lid.stp',
    '2026-07-25T09:56:50',
    ( '' ),
    ( '' ),
    'SwSTEP 2.0',
    'SolidWorks 2025',
    '' );
FILE_SCHEMA (( 'CONFIG_CONTROL_DESIGN' ));
ENDSEC;

DATA;
#1 = CARTESIAN_POINT ( 'NONE',  ( -17.00000000000019540, 0.000000000000000000, 127.7999999999991871 ) ) ;
#2 = CYLINDRICAL_SURFACE ( 'NONE', #1403, 1.249999999999997558 ) ;
#3 = AXIS2_PLACEMENT_3D ( 'NONE', #1440, #1322, #823 ) ;
#4 = CYLINDRICAL_SURFACE ( 'NONE', #535, 1.750000000000001554 ) ;
#5 = DIRECTION ( 'NONE',  ( -0.000000000000000000, 1.000000000000000000, -0.000000000000000000 ) ) ;
#6 = ORIENTED_EDGE ( 'NONE', *, *, #481, .T. ) ;
#7 = AXIS2_PLACEMENT_3D ( 'NONE', #720, #621, #792 ) ;
#8 = EDGE_LOOP ( 'NONE', ( #1113, #854, #1837, #1245 ) ) ;
#9 = AXIS2_PLACEMENT_3D ( 'NONE', #1706, #1713, #1549 ) ;
#10 = VERTEX_POINT ( 'NONE', #1290 ) ;
#11 = VECTOR ( 'NONE', #1559, 1000.000000000000000 ) ;
#12 = LINE ( 'NONE', #1281, #500 ) ;
#13 = ORIENTED_EDGE ( 'NONE', *, *, #1712, .F. ) ;
#14 = DIRECTION ( 'NONE',  ( -0.000000000000000000, 1.000000000000000000, -0.000000000000000000 ) ) ;
#15 = APPROVAL_ROLE ( '' ) ;
#16 = FACE_OUTER_BOUND ( 'NONE', #99, .T. ) ;
#17 = DIRECTION ( 'NONE',  ( -1.000000000000000000, 3.083952846180988900E-15, 1.220025301785886658E-16 ) ) ;
#18 = ORIENTED_EDGE ( 'NONE', *, *, #1006, .T. ) ;
#19 = CARTESIAN_POINT ( 'NONE',  ( 219.3500000000000227, -7.000000000000001776, -130.5500000000000114 ) ) ;
#20 = ORIENTED_EDGE ( 'NONE', *, *, #1115, .F. ) ;
#21 = CARTESIAN_POINT ( 'NONE',  ( -217.8499999999999943, -1.000000000000002442, 133.5500000000000114 ) ) ;
#22 = ORIENTED_EDGE ( 'NONE', *, *, #456, .T. ) ;
#23 = DIRECTION ( 'NONE',  ( -3.491481338843133355E-15, 1.000000000000000000, 0.000000000000000000 ) ) ;
#24 = PERSON_AND_ORGANIZATION ( #1699, #77 ) ;
#25 = LINE ( 'NONE', #668, #1336 ) ;
#26 = PLANE ( 'NONE',  #1639 ) ;
#27 = ORIENTED_EDGE ( 'NONE', *, *, #1374, .F. ) ;
#28 = EDGE_CURVE ( 'NONE', #298, #334, #391, .T. ) ;
#29 = LINE ( 'NONE', #994, #229 ) ;
#30 = VERTEX_POINT ( 'NONE', #1918 ) ;
#31 = AXIS2_PLACEMENT_3D ( 'NONE', #2003, #546, #1534 ) ;
#32 = CARTESIAN_POINT ( 'NONE',  ( -217.8499999999999943, -1.000000000000002442, -133.5500000000000114 ) ) ;
#33 = EDGE_CURVE ( 'NONE', #1214, #1834, #326, .T. ) ;
#34 = ORIENTED_EDGE ( 'NONE', *, *, #1879, .T. ) ;
#35 = EDGE_CURVE ( 'NONE', #1455, #519, #1224, .T. ) ;
#36 = CARTESIAN_POINT ( 'NONE',  ( 99.00000000000007105, -1.000000000000000888, 131.3499999999995680 ) ) ;
#37 = DIRECTION ( 'NONE',  ( 0.000000000000000000, 0.000000000000000000, 1.000000000000000000 ) ) ;
#38 = DIRECTION ( 'NONE',  ( 0.000000000000000000, 0.000000000000000000, 1.000000000000000000 ) ) ;
#39 = AXIS2_PLACEMENT_3D ( 'NONE', #368, #1948, #633 ) ;
#40 = ORIENTED_EDGE ( 'NONE', *, *, #1319, .T. ) ;
#41 = AXIS2_PLACEMENT_3D ( 'NONE', #677, #313, #324 ) ;
#42 = CARTESIAN_POINT ( 'NONE',  ( 218.3499999999999943, -1.500000000000001332, -133.5500000000000114 ) ) ;
#43 = ORIENTED_EDGE ( 'NONE', *, *, #1187, .T. ) ;
#44 = AXIS2_PLACEMENT_3D ( 'NONE', #986, #1435, #997 ) ;
#45 = VECTOR ( 'NONE', #1369, 1000.000000000000000 ) ;
#46 = DIRECTION ( 'NONE',  ( 0.000000000000000000, 0.000000000000000000, 1.000000000000000000 ) ) ;
#47 = VERTEX_POINT ( 'NONE', #819 ) ;
#48 = CARTESIAN_POINT ( 'NONE',  ( 217.8499999999999943, -2.385244779468109755E-15, 133.5500000000000114 ) ) ;
#49 = EDGE_CURVE ( 'NONE', #772, #414, #1256, .T. ) ;
#50 = CARTESIAN_POINT ( 'NONE',  ( -217.8499999999999943, -1.500000000000002887, -133.5500000000000114 ) ) ;
#51 = DIRECTION ( 'NONE',  ( -1.000000000000000000, 3.491481338843133355E-15, 1.039145474190524715E-16 ) ) ;
#52 = APPROVAL ( #477, 'UNSPECIFIED' ) ;
#53 = CARTESIAN_POINT ( 'NONE',  ( 217.8499999999999943, 0.000000000000000000, -133.5500000000000114 ) ) ;
#54 = ORIENTED_EDGE ( 'NONE', *, *, #1181, .T. ) ;
#55 = EDGE_CURVE ( 'NONE', #1265, #1975, #719, .T. ) ;
#56 = DIRECTION ( 'NONE',  ( 1.000000000000000000, -3.491481338843133355E-15, -1.039145474190524715E-16 ) ) ;
#57 = EDGE_CURVE ( 'NONE', #1234, #1717, #844, .T. ) ;
#58 = DIRECTION ( 'NONE',  ( -3.083952846180988900E-15, 1.000000000000000000, -0.000000000000000000 ) ) ;
#59 = CARTESIAN_POINT ( 'NONE',  ( -219.3499999999999943, -1.499999999999998224, 133.5500000000000114 ) ) ;
#60 = DIRECTION ( 'NONE',  ( -1.000000000000000000, -3.083952846180988900E-15, -0.000000000000000000 ) ) ;
#61 = EDGE_CURVE ( 'NONE', #47, #794, #1456, .T. ) ;
#62 = ORIENTED_EDGE ( 'NONE', *, *, #1458, .F. ) ;
#63 = ORIENTED_EDGE ( 'NONE', *, *, #1266, .F. ) ;
#64 = DIRECTION ( 'NONE',  ( 0.000000000000000000, 0.000000000000000000, 1.000000000000000000 ) ) ;
#65 = DIRECTION ( 'NONE',  ( 0.000000000000000000, -1.000000000000000000, 0.000000000000000000 ) ) ;
#66 = CARTESIAN_POINT ( 'NONE',  ( -117.4999999999998721, -10.00000000000000533, 129.5999999999995680 ) ) ;
#67 = FACE_OUTER_BOUND ( 'NONE', #69, .T. ) ;
#68 = CARTESIAN_POINT ( 'NONE',  ( -218.3499999999999943, -1.500000000000001332, -133.5500000000000114 ) ) ;
#69 = EDGE_LOOP ( 'NONE', ( #1137, #1779, #1709, #1365 ) ) ;
#70 = EDGE_CURVE ( 'NONE', #332, #710, #1004, .T. ) ;
#71 = CIRCLE ( 'NONE', #1928, 3.000000000000000000 ) ;
#72 = CYLINDRICAL_SURFACE ( 'NONE', #567, 3.000000000000000000 ) ;
#73 = VECTOR ( 'NONE', #2052, 1000.000000000000000 ) ;
#74 = DIRECTION ( 'NONE',  ( -1.000000000000000000, 3.083952846180988900E-15, 1.220025301785886658E-16 ) ) ;
#75 = AXIS2_PLACEMENT_3D ( 'NONE', #851, #1916, #1314 ) ;
#76 = ORIENTED_EDGE ( 'NONE', *, *, #1203, .F. ) ;
#77 = ORGANIZATION ( 'UNSPECIFIED', 'UNSPECIFIED', '' ) ;
#78 = FACE_OUTER_BOUND ( 'NONE', #602, .T. ) ;
#79 = LINE ( 'NONE', #1184, #1816 ) ;
#80 = VERTEX_POINT ( 'NONE', #53 ) ;
#81 = LINE ( 'NONE', #1335, #1500 ) ;
#82 = CARTESIAN_POINT ( 'NONE',  ( 218.3499999999999943, -1.500000000000001332, -133.5500000000000114 ) ) ;
#83 = VERTEX_POINT ( 'NONE', #1123 ) ;
#84 = DIRECTION ( 'NONE',  ( 1.000000000000000000, -3.083952846180988900E-15, -1.039145474190524592E-16 ) ) ;
#85 = CARTESIAN_POINT ( 'NONE',  ( 219.3499999999999943, -7.000000000000492051, 90.05000000000126192 ) ) ;
#86 = CARTESIAN_POINT ( 'NONE',  ( 99.00000000000007105, -1.000000000000000888, 129.5999999999995680 ) ) ;
#87 = ORIENTED_EDGE ( 'NONE', *, *, #550, .T. ) ;
#88 = EDGE_CURVE ( 'NONE', #876, #1079, #1131, .T. ) ;
#89 = DIRECTION ( 'NONE',  ( -1.000000000000000000, 3.083952846180989294E-15, 1.220025301785886658E-16 ) ) ;
#90 = EDGE_CURVE ( 'NONE', #145, #1511, #29, .T. ) ;
#91 = PLANE ( 'NONE',  #1433 ) ;
#92 = VERTEX_POINT ( 'NONE', #1302 ) ;
#93 = EDGE_CURVE ( 'NONE', #80, #1886, #1329, .T. ) ;
#94 = VECTOR ( 'NONE', #1040, 1000.000000000000000 ) ;
#95 = CARTESIAN_POINT ( 'NONE',  ( -219.3499999999999943, -7.000000000000001776, 133.5500000000000114 ) ) ;
#96 = PLANE ( 'NONE',  #1537 ) ;
#97 = DIRECTION ( 'NONE',  ( 0.000000000000000000, 0.000000000000000000, 1.000000000000000000 ) ) ;
#98 = DIRECTION ( 'NONE',  ( 1.000000000000000000, -3.491481338843133355E-15, -1.039145474190524715E-16 ) ) ;
#99 = EDGE_LOOP ( 'NONE', ( #1049, #140, #928, #1471 ) ) ;
#100 = PLANE ( 'NONE',  #1830 ) ;
#101 = VECTOR ( 'NONE', #695, 1000.000000000000000 ) ;
#102 = CIRCLE ( 'NONE', #1233, 0.5000000000000004441 ) ;
#103 = DIRECTION ( 'NONE',  ( 0.000000000000000000, 0.000000000000000000, -1.000000000000000000 ) ) ;
#104 = EDGE_LOOP ( 'NONE', ( #927, #1044 ) ) ;
#105 = VECTOR ( 'NONE', #662, 1000.000000000000000 ) ;
#106 = AXIS2_PLACEMENT_3D ( 'NONE', #788, #2016, #956 ) ;
#107 = CARTESIAN_POINT ( 'NONE',  ( -219.3499999999999943, -1.000000000000000000, -133.5500000000000114 ) ) ;
#108 = PLANE ( 'NONE',  #1862 ) ;
#109 = LOCAL_TIME ( 21, 56, 50.00000000000000000, #336 ) ;
#110 = CARTESIAN_POINT ( 'NONE',  ( 219.3499999999999943, -1.499999999999998224, -133.5500000000000114 ) ) ;
#111 = ORIENTED_EDGE ( 'NONE', *, *, #2021, .F. ) ;
#112 = LINE ( 'NONE', #2033, #878 ) ;
#113 = ORIENTED_EDGE ( 'NONE', *, *, #1482, .T. ) ;
#114 =( NAMED_UNIT ( * ) SI_UNIT ( $, .STERADIAN. ) SOLID_ANGLE_UNIT ( ) );
#115 = CARTESIAN_POINT ( 'NONE',  ( -219.3500000000000227, -4.499999999999133138, 0.05000000000132623357 ) ) ;
#116 = FACE_OUTER_BOUND ( 'NONE', #1603, .T. ) ;
#117 = EDGE_CURVE ( 'NONE', #521, #1214, #681, .T. ) ;
#118 = ORIENTED_EDGE ( 'NONE', *, *, #1993, .T. ) ;
#119 = ORIENTED_EDGE ( 'NONE', *, *, #1938, .T. ) ;
#120 = LINE ( 'NONE', #1875, #1635 ) ;
#121 = ORIENTED_EDGE ( 'NONE', *, *, #1885, .T. ) ;
#122 = DIRECTION ( 'NONE',  ( 1.000000000000000000, 0.000000000000000000, -1.039145474190524715E-16 ) ) ;
#123 = DIRECTION ( 'NONE',  ( 1.000000000000000000, 0.000000000000000000, 0.000000000000000000 ) ) ;
#124 = LINE ( 'NONE', #1396, #2031 ) ;
#125 = CARTESIAN_POINT ( 'NONE',  ( -113.5000000000001847, 0.000000000000000000, -127.8499999999995254 ) ) ;
#126 = VERTEX_POINT ( 'NONE', #1795 ) ;
#127 = EDGE_LOOP ( 'NONE', ( #1254, #1821, #374, #648 ) ) ;
#128 = APPLICATION_CONTEXT ( 'configuration controlled 3d designs of mechanical parts and assemblies' ) ;
#129 = CARTESIAN_POINT ( 'NONE',  ( 116.4999999999998153, -1.000000000000000888, -131.3499999999995111 ) ) ;
#130 = ORIENTED_EDGE ( 'NONE', *, *, #450, .F. ) ;
#131 = CIRCLE ( 'NONE', #3, 1.750000000000001554 ) ;
#132 = DIRECTION ( 'NONE',  ( -1.000000000000000000, 3.083952846180988900E-15, 1.220025301785886658E-16 ) ) ;
#133 = DIRECTION ( 'NONE',  ( 1.000000000000000000, 0.000000000000000000, 0.000000000000000000 ) ) ;
#134 = FACE_OUTER_BOUND ( 'NONE', #1268, .T. ) ;
#135 = VECTOR ( 'NONE', #1487, 1000.000000000000000 ) ;
#136 = VECTOR ( 'NONE', #5, 1000.000000000000000 ) ;
#137 = ADVANCED_FACE ( 'NONE', ( #1633 ), #1466, .T. ) ;
#138 = CARTESIAN_POINT ( 'NONE',  ( -218.3499999999999943, -7.000000000000005329, 130.5500000000000114 ) ) ;
#139 = PLANE ( 'NONE',  #467 ) ;
#140 = ORIENTED_EDGE ( 'NONE', *, *, #848, .F. ) ;
#141 = LOCAL_TIME ( 21, 56, 50.00000000000000000, #1441 ) ;
#142 = ADVANCED_FACE ( 'NONE', ( #1943 ), #518, .T. ) ;
#143 = ORIENTED_EDGE ( 'NONE', *, *, #739, .T. ) ;
#144 = LINE ( 'NONE', #1710, #1101 ) ;
#145 = VERTEX_POINT ( 'NONE', #1166 ) ;
#146 = PERSON_AND_ORGANIZATION ( #1699, #77 ) ;
#147 = LINE ( 'NONE', #776, #909 ) ;
#148 = DIRECTION ( 'NONE',  ( -0.000000000000000000, 1.000000000000000000, -0.000000000000000000 ) ) ;
#149 = CARTESIAN_POINT ( 'NONE',  ( -217.8499999999999943, -2.385244779468109755E-15, -133.5500000000000114 ) ) ;
#150 = ORIENTED_EDGE ( 'NONE', *, *, #1354, .F. ) ;
#151 = ORIENTED_EDGE ( 'NONE', *, *, #209, .T. ) ;
#152 = EDGE_CURVE ( 'NONE', #1722, #626, #930, .T. ) ;
#153 = VERTEX_POINT ( 'NONE', #1048 ) ;
#154 = CYLINDRICAL_SURFACE ( 'NONE', #44, 1.250000000000001110 ) ;
#155 = ORIENTED_EDGE ( 'NONE', *, *, #607, .T. ) ;
#156 = DIRECTION ( 'NONE',  ( 1.000000000000000000, -3.083952846180988900E-15, -1.039145474190524592E-16 ) ) ;
#157 = DIRECTION ( 'NONE',  ( -1.000000000000000000, 3.083952846180989294E-15, 1.220025301785886658E-16 ) ) ;
#158 = EDGE_CURVE ( 'NONE', #794, #1765, #1842, .T. ) ;
#159 = CARTESIAN_POINT ( 'NONE',  ( -3.500000000000153211, -1.000000000000000000, -131.3499999999995111 ) ) ;
#160 = LINE ( 'NONE', #958, #1434 ) ;
#161 = ORIENTED_EDGE ( 'NONE', *, *, #1718, .T. ) ;
#162 = APPLICATION_CONTEXT ( 'configuration controlled 3d designs of mechanical parts and assemblies' ) ;
#163 = AXIS2_PLACEMENT_3D ( 'NONE', #690, #984, #1477 ) ;
#164 = VERTEX_POINT ( 'NONE', #1805 ) ;
#165 = ORIENTED_EDGE ( 'NONE', *, *, #855, .F. ) ;
#166 = CARTESIAN_POINT ( 'NONE',  ( 217.8499999999999943, -1.000000000000002442, -133.5500000000000114 ) ) ;
#167 = ORIENTED_EDGE ( 'NONE', *, *, #1412, .F. ) ;
#168 = CARTESIAN_POINT ( 'NONE',  ( 219.3499999999999943, -5.750000000000494715, 90.05000000000126192 ) ) ;
#169 = AXIS2_PLACEMENT_3D ( 'NONE', #1957, #1986, #1831 ) ;
#170 = EDGE_CURVE ( 'NONE', #92, #595, #555, .T. ) ;
#171 = AXIS2_PLACEMENT_3D ( 'NONE', #287, #448, #1404 ) ;
#172 = PLANE ( 'NONE',  #39 ) ;
#173 = CARTESIAN_POINT ( 'NONE',  ( 219.3500000000000227, -10.00000000000000178, -130.5500000000000114 ) ) ;
#174 = VERTEX_POINT ( 'NONE', #235 ) ;
#175 = VECTOR ( 'NONE', #1688, 1000.000000000000000 ) ;
#176 = DIRECTION ( 'NONE',  ( 3.083952846180988900E-15, -1.000000000000000000, 0.000000000000000000 ) ) ;
#177 = VECTOR ( 'NONE', #1608, 1000.000000000000000 ) ;
#178 = ORIENTED_EDGE ( 'NONE', *, *, #181, .F. ) ;
#179 = DIRECTION ( 'NONE',  ( 0.000000000000000000, 0.000000000000000000, -1.000000000000000000 ) ) ;
#180 = VERTEX_POINT ( 'NONE', #903 ) ;
#181 = EDGE_CURVE ( 'NONE', #1291, #1755, #79, .T. ) ;
#182 = FACE_OUTER_BOUND ( 'NONE', #1420, .T. ) ;
#183 = DATE_AND_TIME ( #1606, #141 ) ;
#184 = EDGE_CURVE ( 'NONE', #595, #126, #1883, .T. ) ;
#185 = CYLINDRICAL_SURFACE ( 'NONE', #1560, 1.500000000000001332 ) ;
#186 = CARTESIAN_POINT ( 'NONE',  ( -113.5000000000001847, 0.000000000000000000, -127.8499999999995254 ) ) ;
#187 = CC_DESIGN_PERSON_AND_ORGANIZATION_ASSIGNMENT ( #1452, #1141, ( #1344 ) ) ;
#188 = ORIENTED_EDGE ( 'NONE', *, *, #1259, .F. ) ;
#189 = EDGE_CURVE ( 'NONE', #1527, #1515, #330, .T. ) ;
#190 = DIRECTION ( 'NONE',  ( 1.000000000000000000, -3.083952846180988900E-15, -1.039145474190524592E-16 ) ) ;
#191 = ORIENTED_EDGE ( 'NONE', *, *, #1865, .T. ) ;
#192 = LINE ( 'NONE', #1449, #1138 ) ;
#193 = ORIENTED_EDGE ( 'NONE', *, *, #721, .F. ) ;
#194 = DIRECTION ( 'NONE',  ( -0.000000000000000000, 1.000000000000000000, -0.000000000000000000 ) ) ;
#195 = DIRECTION ( 'NONE',  ( 1.000000000000000000, -3.083952846180988900E-15, -1.039145474190524592E-16 ) ) ;
#196 = DIRECTION ( 'NONE',  ( 3.083952846180988900E-15, -1.000000000000000000, 0.000000000000000000 ) ) ;
#197 = VERTEX_POINT ( 'NONE', #418 ) ;
#198 = DIRECTION ( 'NONE',  ( -0.000000000000000000, -0.000000000000000000, -1.000000000000000000 ) ) ;
#199 = ORIENTED_EDGE ( 'NONE', *, *, #989, .T. ) ;
#200 = AXIS2_PLACEMENT_3D ( 'NONE', #1686, #893, #1820 ) ;
#201 = EDGE_CURVE ( 'NONE', #998, #180, #1090, .T. ) ;
#202 = DIRECTION ( 'NONE',  ( 0.000000000000000000, 1.000000000000000000, 0.000000000000000000 ) ) ;
#203 = ORIENTED_EDGE ( 'NONE', *, *, #55, .T. ) ;
#204 = AXIS2_PLACEMENT_3D ( 'NONE', #756, #2029, #1243 ) ;
#205 = CARTESIAN_POINT ( 'NONE',  ( -218.3499999999999943, -5.749999999999144684, 90.05000000000131877 ) ) ;
#206 = FACE_OUTER_BOUND ( 'NONE', #8, .T. ) ;
#207 = LINE ( 'NONE', #656, #1144 ) ;
#208 = VECTOR ( 'NONE', #1968, 1000.000000000000000 ) ;
#209 = EDGE_CURVE ( 'NONE', #1722, #519, #1522, .T. ) ;
#210 = AXIS2_PLACEMENT_3D ( 'NONE', #1947, #476, #838 ) ;
#211 = CARTESIAN_POINT ( 'NONE',  ( -17.00000000000019540, 0.000000000000000000, 129.5499999999991587 ) ) ;
#212 = ORIENTED_EDGE ( 'NONE', *, *, #1382, .T. ) ;
#213 = VECTOR ( 'NONE', #317, 1000.000000000000000 ) ;
#214 = AXIS2_PLACEMENT_3D ( 'NONE', #2008, #387, #1832 ) ;
#215 = DIRECTION ( 'NONE',  ( -1.000000000000000000, 3.083952846180989294E-15, 1.220025301785886658E-16 ) ) ;
#216 = EDGE_CURVE ( 'NONE', #1234, #764, #453, .T. ) ;
#217 = DIRECTION ( 'NONE',  ( 0.000000000000000000, -1.000000000000000000, 0.000000000000000000 ) ) ;
#218 = CARTESIAN_POINT ( 'NONE',  ( -17.00000000000019540, -1.000000000000000000, 127.7999999999991871 ) ) ;
#219 = CARTESIAN_POINT ( 'NONE',  ( 218.3500000000000227, -5.750000000000524025, -89.94999999999872387 ) ) ;
#220 = CARTESIAN_POINT ( 'NONE',  ( -217.8499999999999943, -1.500000000000002887, -133.5500000000000114 ) ) ;
#221 = ORIENTED_EDGE ( 'NONE', *, *, #834, .T. ) ;
#222 = DIRECTION ( 'NONE',  ( 0.000000000000000000, 1.000000000000000000, 0.000000000000000000 ) ) ;
#223 = FACE_OUTER_BOUND ( 'NONE', #527, .T. ) ;
#224 = EDGE_CURVE ( 'NONE', #1149, #294, #1000, .T. ) ;
#225 = CARTESIAN_POINT ( 'NONE',  ( -116.5000000000001847, -10.00000000000000533, -131.3499999999995111 ) ) ;
#226 = CARTESIAN_POINT ( 'NONE',  ( -0.5000000000001534328, 0.000000000000000000, -127.8499999999995254 ) ) ;
#227 = LINE ( 'NONE', #409, #829 ) ;
#228 = ORIENTED_EDGE ( 'NONE', *, *, #862, .F. ) ;
#229 = VECTOR ( 'NONE', #1776, 1000.000000000000000 ) ;
#230 = DIRECTION ( 'NONE',  ( 0.000000000000000000, 1.000000000000000000, 0.000000000000000000 ) ) ;
#231 = FACE_OUTER_BOUND ( 'NONE', #1753, .T. ) ;
#232 = ORIENTED_EDGE ( 'NONE', *, *, #28, .T. ) ;
#233 = CARTESIAN_POINT ( 'NONE',  ( 218.3500000000000227, -7.000000000000488498, 90.05000000000126192 ) ) ;
#234 = CARTESIAN_POINT ( 'NONE',  ( -113.5000000000001847, -10.00000000000000533, -127.8499999999995254 ) ) ;
#235 = CARTESIAN_POINT ( 'NONE',  ( 217.8499999999999943, -1.000000000000002442, 133.5500000000000114 ) ) ;
#236 = EDGE_LOOP ( 'NONE', ( #1743, #960, #178, #1658 ) ) ;
#237 = VECTOR ( 'NONE', #335, 1000.000000000000000 ) ;
#238 = AXIS2_PLACEMENT_3D ( 'NONE', #239, #530, #1353 ) ;
#239 = CARTESIAN_POINT ( 'NONE',  ( -0.5000000000001529887, -1.000000000000000888, -129.5999999999995111 ) ) ;
#240 = AXIS2_PLACEMENT_3D ( 'NONE', #549, #56, #230 ) ;
#241 = DIRECTION ( 'NONE',  ( -1.000000000000000000, 3.083952846180989294E-15, 1.220025301785886658E-16 ) ) ;
#242 = AXIS2_PLACEMENT_3D ( 'NONE', #369, #1146, #196 ) ;
#243 = EDGE_CURVE ( 'NONE', #2004, #1643, #1032, .T. ) ;
#244 = ORIENTED_EDGE ( 'NONE', *, *, #1334, .T. ) ;
#245 = EDGE_CURVE ( 'NONE', #876, #1886, #1677, .T. ) ;
#246 = DIRECTION ( 'NONE',  ( 0.000000000000000000, -1.000000000000000000, 0.000000000000000000 ) ) ;
#247 = CARTESIAN_POINT ( 'NONE',  ( -120.4999999999998721, 0.000000000000000000, 131.3499999999995680 ) ) ;
#248 = ORIENTED_EDGE ( 'NONE', *, *, #1246, .T. ) ;
#249 = ADVANCED_FACE ( 'NONE', ( #264 ), #1025, .T. ) ;
#250 = EDGE_CURVE ( 'NONE', #764, #80, #1978, .T. ) ;
#251 = DIRECTION ( 'NONE',  ( 0.000000000000000000, -1.000000000000000000, 0.000000000000000000 ) ) ;
#252 = DIRECTION ( 'NONE',  ( 0.000000000000000000, 1.000000000000000000, 0.000000000000000000 ) ) ;
#253 = ORIENTED_EDGE ( 'NONE', *, *, #848, .T. ) ;
#254 = DIRECTION ( 'NONE',  ( -0.000000000000000000, 1.000000000000000000, -0.000000000000000000 ) ) ;
#255 = DIRECTION ( 'NONE',  ( -1.000000000000000000, 3.083952846180988900E-15, 1.039145474190524715E-16 ) ) ;
#256 = VERTEX_POINT ( 'NONE', #1350 ) ;
#257 = CARTESIAN_POINT ( 'NONE',  ( -219.3500000000000227, -7.000000000000001776, -130.5500000000000114 ) ) ;
#258 = EDGE_CURVE ( 'NONE', #174, #1253, #1381, .T. ) ;
#259 = CARTESIAN_POINT ( 'NONE',  ( 217.8499999999999943, -1.500000000000002887, -133.5500000000000114 ) ) ;
#260 = VERTEX_POINT ( 'NONE', #1192 ) ;
#261 = EDGE_CURVE ( 'NONE', #10, #1333, #227, .T. ) ;
#262 = DIRECTION ( 'NONE',  ( 0.000000000000000000, 0.000000000000000000, 1.000000000000000000 ) ) ;
#263 = VECTOR ( 'NONE', #769, 1000.000000000000000 ) ;
#264 = FACE_OUTER_BOUND ( 'NONE', #959, .T. ) ;
#265 = VERTEX_POINT ( 'NONE', #247 ) ;
#266 = VECTOR ( 'NONE', #1453, 1000.000000000000000 ) ;
#267 = AXIS2_PLACEMENT_3D ( 'NONE', #168, #1923, #1905 ) ;
#268 = CARTESIAN_POINT ( 'NONE',  ( -218.3500000000000227, -6.999999999999138467, 0.05000000000132607397 ) ) ;
#269 = EDGE_LOOP ( 'NONE', ( #221, #579, #1345, #707 ) ) ;
#270 = AXIS2_PLACEMENT_3D ( 'NONE', #321, #1578, #1136 ) ;
#271 = VECTOR ( 'NONE', #1063, 1000.000000000000000 ) ;
#272 = CARTESIAN_POINT ( 'NONE',  ( -219.3500000000000227, -10.00000000000000178, -133.5500000000000114 ) ) ;
#273 = LINE ( 'NONE', #443, #1863 ) ;
#274 = DIRECTION ( 'NONE',  ( 0.000000000000000000, 1.000000000000000000, 0.000000000000000000 ) ) ;
#275 = VECTOR ( 'NONE', #1076, 1000.000000000000000 ) ;
#276 = DIRECTION ( 'NONE',  ( 0.000000000000000000, 0.000000000000000000, 1.000000000000000000 ) ) ;
#277 = VERTEX_POINT ( 'NONE', #864 ) ;
#278 = ORIENTED_EDGE ( 'NONE', *, *, #181, .T. ) ;
#279 = DIRECTION ( 'NONE',  ( 0.000000000000000000, 1.000000000000000000, 0.000000000000000000 ) ) ;
#280 = ORIENTED_EDGE ( 'NONE', *, *, #1932, .F. ) ;
#281 = DIRECTION ( 'NONE',  ( 0.000000000000000000, 0.000000000000000000, 1.000000000000000000 ) ) ;
#282 = CARTESIAN_POINT ( 'NONE',  ( 217.8499999999999943, -1.500000000000002887, 133.5500000000000114 ) ) ;
#283 = EDGE_CURVE ( 'NONE', #1722, #1080, #1989, .T. ) ;
#284 = CARTESIAN_POINT ( 'NONE',  ( 219.3499999999999943, 6.799565381486429701E-13, -133.5500000000000114 ) ) ;
#285 = ORIENTED_EDGE ( 'NONE', *, *, #1502, .F. ) ;
#286 = EDGE_LOOP ( 'NONE', ( #1414, #1853, #1405, #657 ) ) ;
#287 = CARTESIAN_POINT ( 'NONE',  ( -20.00000000000019895, 0.000000000000000000, 129.5499999999991587 ) ) ;
#288 = VERTEX_POINT ( 'NONE', #728 ) ;
#289 = CARTESIAN_POINT ( 'NONE',  ( 0.000000000000000000, -1.000000000000000000, 131.3499999999995680 ) ) ;
#290 = DIRECTION ( 'NONE',  ( 0.000000000000000000, 1.000000000000000000, 0.000000000000000000 ) ) ;
#291 = CARTESIAN_POINT ( 'NONE',  ( 218.3500000000000227, -10.00000000000000533, 133.5500000000000114 ) ) ;
#292 = CARTESIAN_POINT ( 'NONE',  ( -17.00000000000019540, 0.000000000000000000, 131.2999999999991303 ) ) ;
#293 = DIRECTION ( 'NONE',  ( -0.000000000000000000, 0.000000000000000000, -1.000000000000000000 ) ) ;
#294 = VERTEX_POINT ( 'NONE', #886 ) ;
#295 = ORIENTED_EDGE ( 'NONE', *, *, #917, .T. ) ;
#296 = AXIS2_PLACEMENT_3D ( 'NONE', #883, #1045, #1976 ) ;
#297 = CARTESIAN_POINT ( 'NONE',  ( -217.8499999999999943, -1.000000000000002442, -133.5500000000000114 ) ) ;
#298 = VERTEX_POINT ( 'NONE', #1371 ) ;
#299 = VECTOR ( 'NONE', #1771, 1000.000000000000000 ) ;
#300 = CARTESIAN_POINT ( 'NONE',  ( 113.4999999999998153, -10.00000000000000533, -129.5999999999995111 ) ) ;
#301 = CARTESIAN_POINT ( 'NONE',  ( -219.3500000000000227, -5.749999999999173994, -89.94999999999866702 ) ) ;
#302 = VECTOR ( 'NONE', #1954, 1000.000000000000000 ) ;
#303 = AXIS2_PLACEMENT_3D ( 'NONE', #219, #1165, #1630 ) ;
#304 = EDGE_CURVE ( 'NONE', #288, #822, #1362, .T. ) ;
#305 = PLANE ( 'NONE',  #1628 ) ;
#306 = DIRECTION ( 'NONE',  ( -1.000000000000000000, 0.000000000000000000, 0.000000000000000000 ) ) ;
#307 = ORIENTED_EDGE ( 'NONE', *, *, #258, .F. ) ;
#308 = ORIENTED_EDGE ( 'NONE', *, *, #261, .F. ) ;
#309 = ORIENTED_EDGE ( 'NONE', *, *, #1352, .T. ) ;
#310 = ADVANCED_FACE ( 'NONE', ( #1065 ), #1860, .F. ) ;
#311 = LINE ( 'NONE', #1590, #73 ) ;
#312 = ORIENTED_EDGE ( 'NONE', *, *, #637, .F. ) ;
#313 = DIRECTION ( 'NONE',  ( -0.000000000000000000, -1.000000000000000000, -0.000000000000000000 ) ) ;
#314 = PERSON_AND_ORGANIZATION ( #1699, #77 ) ;
#315 = FACE_OUTER_BOUND ( 'NONE', #2019, .T. ) ;
#316 = FACE_OUTER_BOUND ( 'NONE', #1843, .T. ) ;
#317 = DIRECTION ( 'NONE',  ( -0.000000000000000000, 1.000000000000000000, -0.000000000000000000 ) ) ;
#318 = ORIENTED_EDGE ( 'NONE', *, *, #1075, .T. ) ;
#319 = EDGE_LOOP ( 'NONE', ( #1223, #1193, #357, #1189 ) ) ;
#320 = ORIENTED_EDGE ( 'NONE', *, *, #540, .T. ) ;
#321 = CARTESIAN_POINT ( 'NONE',  ( -120.4999999999998721, 0.000000000000000000, 129.5999999999995680 ) ) ;
#322 = ORIENTED_EDGE ( 'NONE', *, *, #649, .T. ) ;
#323 = ADVANCED_FACE ( 'NONE', ( #1696 ), #925, .F. ) ;
#324 = DIRECTION ( 'NONE',  ( 0.000000000000000000, 0.000000000000000000, -1.000000000000000000 ) ) ;
#325 = CALENDAR_DATE ( 2026, 25, 7 ) ;
#326 = CIRCLE ( 'NONE', #825, 3.000000000000000000 ) ;
#327 = CARTESIAN_POINT ( 'NONE',  ( -217.8499999999999943, -1.500000000000002887, -133.5500000000000114 ) ) ;
#328 = CARTESIAN_POINT ( 'NONE',  ( -20.00000000000019895, 0.000000000000000000, 131.2999999999991303 ) ) ;
#329 = VERTEX_POINT ( 'NONE', #746 ) ;
#330 = LINE ( 'NONE', #1811, #424 ) ;
#331 = ADVANCED_FACE ( 'NONE', ( #316 ), #1087, .F. ) ;
#332 = VERTEX_POINT ( 'NONE', #1585 ) ;
#333 = CARTESIAN_POINT ( 'NONE',  ( 0.000000000000000000, -1.000000000000000000, -127.8499999999995254 ) ) ;
#334 = VERTEX_POINT ( 'NONE', #1263 ) ;
#335 = DIRECTION ( 'NONE',  ( 1.000000000000000000, -3.491481338843133355E-15, -1.039145474190524715E-16 ) ) ;
#336 = COORDINATED_UNIVERSAL_TIME_OFFSET ( 12, 0, .AHEAD. ) ;
#337 = ADVANCED_FACE ( 'NONE', ( #116 ), #305, .F. ) ;
#338 = AXIS2_PLACEMENT_3D ( 'NONE', #881, #252, #558 ) ;
#339 = DIRECTION ( 'NONE',  ( -0.000000000000000000, 1.000000000000000000, -0.000000000000000000 ) ) ;
#340 = FACE_OUTER_BOUND ( 'NONE', #1874, .T. ) ;
#341 = EDGE_LOOP ( 'NONE', ( #1634, #1609 ) ) ;
#342 = VECTOR ( 'NONE', #1813, 1000.000000000000000 ) ;
#343 = DIRECTION ( 'NONE',  ( -1.000000000000000000, 3.083952846180988900E-15, 1.039145474190524592E-16 ) ) ;
#344 = AXIS2_PLACEMENT_3D ( 'NONE', #1684, #872, #726 ) ;
#345 = ORIENTED_EDGE ( 'NONE', *, *, #1817, .T. ) ;
#346 = AXIS2_PLACEMENT_3D ( 'NONE', #1692, #1395, #912 ) ;
#347 = LINE ( 'NONE', #32, #105 ) ;
#348 = VERTEX_POINT ( 'NONE', #159 ) ;
#349 = DIRECTION ( 'NONE',  ( -1.000000000000000000, 3.083952846180988900E-15, 1.220025301785886658E-16 ) ) ;
#350 = CARTESIAN_POINT ( 'NONE',  ( -219.3500000000000227, -10.00000000000000178, -130.5500000000000114 ) ) ;
#351 = DIRECTION ( 'NONE',  ( -0.000000000000000000, -1.000000000000000000, -0.000000000000000000 ) ) ;
#352 = VERTEX_POINT ( 'NONE', #1222 ) ;
#353 = EDGE_CURVE ( 'NONE', #1080, #1711, #791, .T. ) ;
#354 = CARTESIAN_POINT ( 'NONE',  ( 217.8499999999999943, -1.500000000000002887, -133.5500000000000114 ) ) ;
#355 = EDGE_LOOP ( 'NONE', ( #682, #1946, #929, #1431 ) ) ;
#356 = CARTESIAN_POINT ( 'NONE',  ( -219.3500000000000227, -10.00000000000000178, 130.5500000000000114 ) ) ;
#357 = ORIENTED_EDGE ( 'NONE', *, *, #117, .F. ) ;
#358 = DIRECTION ( 'NONE',  ( 0.000000000000000000, 1.000000000000000000, 0.000000000000000000 ) ) ;
#359 = PERSON_AND_ORGANIZATION_ROLE ( 'creator' ) ;
#360 = CARTESIAN_POINT ( 'NONE',  ( -113.5000000000001847, -10.00000000000000533, -129.5999999999995111 ) ) ;
#361 = EDGE_CURVE ( 'NONE', #887, #1757, #1887, .T. ) ;
#362 = PLANE ( 'NONE',  #1565 ) ;
#363 = VERTEX_POINT ( 'NONE', #777 ) ;
#364 = DIRECTION ( 'NONE',  ( 0.000000000000000000, 0.000000000000000000, -1.000000000000000000 ) ) ;
#365 = ORIENTED_EDGE ( 'NONE', *, *, #649, .F. ) ;
#366 = LINE ( 'NONE', #402, #1828 ) ;
#367 = FACE_BOUND ( 'NONE', #942, .T. ) ;
#368 = CARTESIAN_POINT ( 'NONE',  ( -219.3499999999999943, -1.000000000000000000, -133.5500000000000114 ) ) ;
#369 = CARTESIAN_POINT ( 'NONE',  ( 218.3499999999999943, 6.764650568097998494E-13, 0.000000000000000000 ) ) ;
#370 = VECTOR ( 'NONE', #933, 1000.000000000000000 ) ;
#371 = EDGE_CURVE ( 'NONE', #1612, #1934, #659, .T. ) ;
#372 = AXIS2_PLACEMENT_3D ( 'NONE', #1073, #1836, #429 ) ;
#373 = ORIENTED_EDGE ( 'NONE', *, *, #33, .T. ) ;
#374 = ORIENTED_EDGE ( 'NONE', *, *, #993, .T. ) ;
#375 = CIRCLE ( 'NONE', #1730, 1.750000000000001554 ) ;
#376 = ADVANCED_FACE ( 'NONE', ( #1707 ), #1894, .F. ) ;
#377 = CIRCLE ( 'NONE', #1536, 1.750000000000001554 ) ;
#378 = DIRECTION ( 'NONE',  ( -1.000000000000000000, -3.491481338843133355E-15, 0.000000000000000000 ) ) ;
#379 = CC_DESIGN_APPROVAL ( #852, ( #1238 ) ) ;
#380 = EDGE_CURVE ( 'NONE', #904, #887, #914, .T. ) ;
#381 = DIRECTION ( 'NONE',  ( -0.000000000000000000, -1.000000000000000000, -0.000000000000000000 ) ) ;
#382 = LINE ( 'NONE', #1676, #504 ) ;
#383 = CARTESIAN_POINT ( 'NONE',  ( 217.8499999999999943, -1.500000000000002887, 133.5500000000000114 ) ) ;
#384 = EDGE_LOOP ( 'NONE', ( #118, #1097, #1303, #639 ) ) ;
#385 = DIRECTION ( 'NONE',  ( 1.000000000000000000, 0.000000000000000000, 0.000000000000000000 ) ) ;
#386 = FACE_OUTER_BOUND ( 'NONE', #1351, .T. ) ;
#387 = DIRECTION ( 'NONE',  ( -1.000000000000000000, 3.083952846180989294E-15, 1.220025301785886658E-16 ) ) ;
#388 = DIRECTION ( 'NONE',  ( 0.000000000000000000, 0.000000000000000000, 1.000000000000000000 ) ) ;
#389 = ORIENTED_EDGE ( 'NONE', *, *, #1690, .F. ) ;
#390 = EDGE_CURVE ( 'NONE', #780, #256, #1231, .T. ) ;
#391 = CIRCLE ( 'NONE', #163, 1.249999999999997558 ) ;
#392 = CARTESIAN_POINT ( 'NONE',  ( 99.00000000000007105, 0.000000000000000000, 131.3499999999995680 ) ) ;
#393 = EDGE_CURVE ( 'NONE', #92, #1886, #1398, .T. ) ;
#394 = DIRECTION ( 'NONE',  ( -0.000000000000000000, 1.000000000000000000, -0.000000000000000000 ) ) ;
#395 = VERTEX_POINT ( 'NONE', #125 ) ;
#396 = LINE ( 'NONE', #1031, #632 ) ;
#397 = EDGE_CURVE ( 'NONE', #1448, #145, #1988, .T. ) ;
#398 = CARTESIAN_POINT ( 'NONE',  ( 217.8499999999999943, -1.000000000000002442, 133.5500000000000114 ) ) ;
#399 = ORIENTED_EDGE ( 'NONE', *, *, #1829, .F. ) ;
#400 = VECTOR ( 'NONE', #14, 1000.000000000000000 ) ;
#401 = CIRCLE ( 'NONE', #270, 1.750000000000001554 ) ;
#402 = CARTESIAN_POINT ( 'NONE',  ( 217.8499999999999943, -1.000000000000002442, 133.5500000000000114 ) ) ;
#403 = AXIS2_PLACEMENT_3D ( 'NONE', #1047, #254, #1212 ) ;
#404 = CARTESIAN_POINT ( 'NONE',  ( 219.3499999999999659, -4.500000000000485834, 0.05000000000127276939 ) ) ;
#405 = CIRCLE ( 'NONE', #1735, 1.750000000000001554 ) ;
#406 = ORIENTED_EDGE ( 'NONE', *, *, #371, .T. ) ;
#407 = DIRECTION ( 'NONE',  ( -0.000000000000000000, 1.000000000000000000, -0.000000000000000000 ) ) ;
#408 = DIRECTION ( 'NONE',  ( -1.000000000000000000, 3.083952846180989294E-15, 1.220025301785886658E-16 ) ) ;
#409 = CARTESIAN_POINT ( 'NONE',  ( -0.5000000000001534328, -10.00000000000000533, -127.8499999999995254 ) ) ;
#410 = EDGE_LOOP ( 'NONE', ( #212, #2040, #318, #438 ) ) ;
#411 = DIRECTION ( 'NONE',  ( -1.000000000000000000, 0.000000000000000000, 1.039145474190524715E-16 ) ) ;
#412 = EDGE_CURVE ( 'NONE', #1678, #647, #1872, .T. ) ;
#413 = FACE_BOUND ( 'NONE', #341, .T. ) ;
#414 = VERTEX_POINT ( 'NONE', #292 ) ;
#415 =( LENGTH_UNIT ( ) NAMED_UNIT ( * ) SI_UNIT ( .MILLI., .METRE. ) );
#416 = CARTESIAN_POINT ( 'NONE',  ( -219.3499999999999943, 6.799565381486429701E-13, 133.5500000000000114 ) ) ;
#417 = EDGE_CURVE ( 'NONE', #1209, #288, #935, .T. ) ;
#418 = CARTESIAN_POINT ( 'NONE',  ( -217.8499999999999943, -2.385244779468109755E-15, -133.5500000000000114 ) ) ;
#419 = ORIENTED_EDGE ( 'NONE', *, *, #1289, .F. ) ;
#420 = CARTESIAN_POINT ( 'NONE',  ( 219.3499999999999659, -5.750000000000527578, -89.94999999999872387 ) ) ;
#421 = EDGE_CURVE ( 'NONE', #992, #1577, #1425, .T. ) ;
#422 = CARTESIAN_POINT ( 'NONE',  ( -219.3500000000000227, -1.499999999999998224, -133.5500000000000114 ) ) ;
#423 = ORIENTED_EDGE ( 'NONE', *, *, #1366, .F. ) ;
#424 = VECTOR ( 'NONE', #1343, 1000.000000000000000 ) ;
#425 = CYLINDRICAL_SURFACE ( 'NONE', #106, 1.249999999999997558 ) ;
#426 = DIRECTION ( 'NONE',  ( -1.000000000000000000, 3.083952846180989294E-15, 1.220025301785886658E-16 ) ) ;
#427 = ORIENTED_EDGE ( 'NONE', *, *, #390, .T. ) ;
#428 = CIRCLE ( 'NONE', #1269, 1.749999999999973799 ) ;
#429 = DIRECTION ( 'NONE',  ( 0.000000000000000000, 0.000000000000000000, 1.000000000000000000 ) ) ;
#430 = ORIENTED_EDGE ( 'NONE', *, *, #245, .F. ) ;
#431 = ADVANCED_FACE ( 'NONE', ( #1880 ), #172, .T. ) ;
#432 = VECTOR ( 'NONE', #1526, 1000.000000000000000 ) ;
#433 = CARTESIAN_POINT ( 'NONE',  ( 0.000000000000000000, 0.000000000000000000, 0.000000000000000000 ) ) ;
#434 = CARTESIAN_POINT ( 'NONE',  ( -20.00000000000019895, 0.000000000000000000, 131.2999999999991303 ) ) ;
#435 = CC_DESIGN_APPROVAL ( #1139, ( #1344 ) ) ;
#436 = CARTESIAN_POINT ( 'NONE',  ( 116.4999999999998153, -10.00000000000000533, -127.8499999999995254 ) ) ;
#437 = EDGE_LOOP ( 'NONE', ( #1421, #600, #248, #1952 ) ) ;
#438 = ORIENTED_EDGE ( 'NONE', *, *, #397, .T. ) ;
#439 = ORIENTED_EDGE ( 'NONE', *, *, #2042, .T. ) ;
#440 = ADVANCED_FACE ( 'NONE', ( #524 ), #1428, .F. ) ;
#441 = FACE_OUTER_BOUND ( 'NONE', #638, .T. ) ;
#442 = ORIENTED_EDGE ( 'NONE', *, *, #989, .F. ) ;
#443 = CARTESIAN_POINT ( 'NONE',  ( 219.3499999999999659, -7.000000000000488498, 0.05000000000127260980 ) ) ;
#444 = CARTESIAN_POINT ( 'NONE',  ( 217.8499999999999943, -1.000000000000002442, -133.5500000000000114 ) ) ;
#445 = CARTESIAN_POINT ( 'NONE',  ( 219.3499999999999943, -7.000000000000492051, 90.05000000000126192 ) ) ;
#446 = ORIENTED_EDGE ( 'NONE', *, *, #1458, .T. ) ;
#447 = ORIENTED_EDGE ( 'NONE', *, *, #1497, .T. ) ;
#448 = DIRECTION ( 'NONE',  ( 0.000000000000000000, -1.000000000000000000, 0.000000000000000000 ) ) ;
#449 = ORIENTED_EDGE ( 'NONE', *, *, #1973, .F. ) ;
#450 = EDGE_CURVE ( 'NONE', #47, #845, #679, .T. ) ;
#451 = DIRECTION ( 'NONE',  ( 0.000000000000000000, 0.000000000000000000, 1.000000000000000000 ) ) ;
#452 = DIRECTION ( 'NONE',  ( -1.000000000000000000, -0.000000000000000000, -0.000000000000000000 ) ) ;
#453 = CIRCLE ( 'NONE', #1058, 1.500000000000001332 ) ;
#454 = AXIS2_PLACEMENT_3D ( 'NONE', #86, #717, #564 ) ;
#455 = DIRECTION ( 'NONE',  ( 3.491481338843133355E-15, 1.000000000000000000, -3.628157031479515921E-31 ) ) ;
#456 = EDGE_CURVE ( 'NONE', #1755, #256, #1640, .T. ) ;
#457 = FACE_BOUND ( 'NONE', #1904, .T. ) ;
#458 = EDGE_LOOP ( 'NONE', ( #1411, #894, #447, #20 ) ) ;
#459 = ADVANCED_FACE ( 'NONE', ( #206 ), #4, .F. ) ;
#460 = VERTEX_POINT ( 'NONE', #218 ) ;
#461 = ORIENTED_EDGE ( 'NONE', *, *, #1086, .F. ) ;
#462 = DIRECTION ( 'NONE',  ( 0.000000000000000000, 0.000000000000000000, 1.000000000000000000 ) ) ;
#463 = ORIENTED_EDGE ( 'NONE', *, *, #393, .T. ) ;
#464 = AXIS2_PLACEMENT_3D ( 'NONE', #1638, #394, #1043 ) ;
#465 = SHAPE_DEFINITION_REPRESENTATION ( #1488, #1703 ) ;
#466 = LINE ( 'NONE', #1230, #271 ) ;
#467 = AXIS2_PLACEMENT_3D ( 'NONE', #936, #1562, #732 ) ;
#468 = CIRCLE ( 'NONE', #943, 0.5000000000000004441 ) ;
#469 = DIRECTION ( 'NONE',  ( -1.000000000000000000, 3.083952846180988900E-15, 1.220025301785886658E-16 ) ) ;
#470 = CARTESIAN_POINT ( 'NONE',  ( 99.00000000000007105, 0.000000000000000000, 127.8499999999995680 ) ) ;
#471 = ORIENTED_EDGE ( 'NONE', *, *, #1670, .T. ) ;
#472 = EDGE_LOOP ( 'NONE', ( #1687, #1244, #253, #1197 ) ) ;
#473 = ORIENTED_EDGE ( 'NONE', *, *, #1932, .T. ) ;
#474 = DIRECTION ( 'NONE',  ( -0.000000000000000000, -1.000000000000000000, -0.000000000000000000 ) ) ;
#475 = ORIENTED_EDGE ( 'NONE', *, *, #1143, .T. ) ;
#476 = DIRECTION ( 'NONE',  ( 0.000000000000000000, 1.000000000000000000, 0.000000000000000000 ) ) ;
#477 = APPROVAL_STATUS ( 'not_yet_approved' ) ;
#478 = DIRECTION ( 'NONE',  ( 0.000000000000000000, 0.000000000000000000, -1.000000000000000000 ) ) ;
#479 = CARTESIAN_POINT ( 'NONE',  ( -113.5000000000001847, -1.000000000000000000, -127.8499999999995254 ) ) ;
#480 = EDGE_LOOP ( 'NONE', ( #723, #1708 ) ) ;
#481 = EDGE_CURVE ( 'NONE', #334, #298, #1064, .T. ) ;
#482 = ORIENTED_EDGE ( 'NONE', *, *, #170, .F. ) ;
#483 = ORIENTED_EDGE ( 'NONE', *, *, #1334, .F. ) ;
#484 = FACE_OUTER_BOUND ( 'NONE', #963, .T. ) ;
#485 = EDGE_CURVE ( 'NONE', #1209, #954, #1915, .T. ) ;
#486 = ORIENTED_EDGE ( 'NONE', *, *, #637, .T. ) ;
#487 = DIRECTION ( 'NONE',  ( -1.000000000000000000, 0.000000000000000000, 0.000000000000000000 ) ) ;
#488 = DATE_AND_TIME ( #1284, #508 ) ;
#489 = AXIS2_PLACEMENT_3D ( 'NONE', #220, #853, #1485 ) ;
#490 = CARTESIAN_POINT ( 'NONE',  ( 219.3500000000000227, -7.000000000000001776, 133.5500000000000114 ) ) ;
#491 = DIRECTION ( 'NONE',  ( 0.000000000000000000, 0.000000000000000000, -1.000000000000000000 ) ) ;
#492 = ORIENTED_EDGE ( 'NONE', *, *, #601, .T. ) ;
#493 = DIRECTION ( 'NONE',  ( 0.000000000000000000, -1.000000000000000000, 0.000000000000000000 ) ) ;
#494 = ORIENTED_EDGE ( 'NONE', *, *, #189, .T. ) ;
#495 = CARTESIAN_POINT ( 'NONE',  ( -117.4999999999998721, -10.00000000000000533, 131.3499999999995680 ) ) ;
#496 = ORIENTED_EDGE ( 'NONE', *, *, #1797, .T. ) ;
#497 = LINE ( 'NONE', #1451, #299 ) ;
#498 = EDGE_CURVE ( 'NONE', #822, #83, #1164, .T. ) ;
#499 = CIRCLE ( 'NONE', #760, 1.249999999999997558 ) ;
#500 = VECTOR ( 'NONE', #1912, 1000.000000000000000 ) ;
#501 = FACE_BOUND ( 'NONE', #480, .T. ) ;
#502 = CARTESIAN_POINT ( 'NONE',  ( -219.3499999999999659, -1.000000000000000000, 133.5500000000000114 ) ) ;
#503 = EDGE_LOOP ( 'NONE', ( #1399, #890, #365, #606, #1321, #560 ) ) ;
#504 = VECTOR ( 'NONE', #892, 1000.000000000000000 ) ;
#505 = ORIENTED_EDGE ( 'NONE', *, *, #1202, .T. ) ;
#506 = CIRCLE ( 'NONE', #1072, 1.249999999999997558 ) ;
#507 = EDGE_LOOP ( 'NONE', ( #1018, #1689 ) ) ;
#508 = LOCAL_TIME ( 21, 56, 50.00000000000000000, #1261 ) ;
#509 = ADVANCED_FACE ( 'NONE', ( #16 ), #1462, .T. ) ;
#510 = DIRECTION ( 'NONE',  ( -0.000000000000000000, 1.000000000000000000, -0.000000000000000000 ) ) ;
#511 = ORIENTED_EDGE ( 'NONE', *, *, #1939, .T. ) ;
#512 = EDGE_CURVE ( 'NONE', #363, #92, #1725, .T. ) ;
#513 = CARTESIAN_POINT ( 'NONE',  ( 116.4999999999998153, -1.000000000000000888, -127.8499999999995254 ) ) ;
#514 = APPROVAL_DATE_TIME ( #665, #52 ) ;
#515 = DIRECTION ( 'NONE',  ( -0.000000000000000000, 1.000000000000000000, -0.000000000000000000 ) ) ;
#516 = DIRECTION ( 'NONE',  ( 0.000000000000000000, -1.000000000000000000, 0.000000000000000000 ) ) ;
#517 = ORIENTED_EDGE ( 'NONE', *, *, #243, .F. ) ;
#518 = CYLINDRICAL_SURFACE ( 'NONE', #749, 3.000000000000000000 ) ;
#519 = VERTEX_POINT ( 'NONE', #644 ) ;
#520 = CYLINDRICAL_SURFACE ( 'NONE', #1204, 1.250000000000001110 ) ;
#521 = VERTEX_POINT ( 'NONE', #350 ) ;
#522 = CARTESIAN_POINT ( 'NONE',  ( -20.00000000000019895, 0.000000000000000000, 127.7999999999991871 ) ) ;
#523 = EDGE_CURVE ( 'NONE', #352, #1717, #1128, .T. ) ;
#524 = FACE_OUTER_BOUND ( 'NONE', #869, .T. ) ;
#525 = PLANE ( 'NONE',  #75 ) ;
#526 = DIRECTION ( 'NONE',  ( -1.000000000000000000, 3.083952846180989294E-15, 1.220025301785886658E-16 ) ) ;
#527 = EDGE_LOOP ( 'NONE', ( #812, #1288, #2051, #1922 ) ) ;
#528 = EDGE_CURVE ( 'NONE', #294, #1934, #841, .T. ) ;
#529 = VECTOR ( 'NONE', #1213, 1000.000000000000000 ) ;
#530 = DIRECTION ( 'NONE',  ( 0.000000000000000000, 1.000000000000000000, 0.000000000000000000 ) ) ;
#531 = FACE_OUTER_BOUND ( 'NONE', #1372, .T. ) ;
#532 = UNCERTAINTY_MEASURE_WITH_UNIT (LENGTH_MEASURE( 1.000000000000000082E-05 ), #415, 'distance_accuracy_value', 'NONE');
#533 = CARTESIAN_POINT ( 'NONE',  ( -219.3500000000000227, -7.000000000000001776, -133.5500000000000114 ) ) ;
#534 = DIRECTION ( 'NONE',  ( -1.000000000000000000, -8.673617379884027583E-15, 0.000000000000000000 ) ) ;
#535 = AXIS2_PLACEMENT_3D ( 'NONE', #360, #1594, #1793 ) ;
#536 = AXIS2_PLACEMENT_3D ( 'NONE', #1022, #1510, #65 ) ;
#537 = CARTESIAN_POINT ( 'NONE',  ( -219.3499999999999943, -7.000000000000001776, 130.5500000000000114 ) ) ;
#538 = ORIENTED_EDGE ( 'NONE', *, *, #583, .F. ) ;
#539 = VECTOR ( 'NONE', #202, 1000.000000000000000 ) ;
#540 = EDGE_CURVE ( 'NONE', #845, #1765, #980, .T. ) ;
#541 = VECTOR ( 'NONE', #1841, 1000.000000000000000 ) ;
#542 = CARTESIAN_POINT ( 'NONE',  ( 0.000000000000000000, -1.000000000000000000, -131.3499999999995111 ) ) ;
#543 = CIRCLE ( 'NONE', #807, 1.750000000000001554 ) ;
#544 = CARTESIAN_POINT ( 'NONE',  ( 102.0000000000000711, 0.000000000000000000, 127.8499999999995680 ) ) ;
#545 = CARTESIAN_POINT ( 'NONE',  ( -218.3499999999999943, -1.500000000000001332, -133.5500000000000114 ) ) ;
#546 = DIRECTION ( 'NONE',  ( -1.000000000000000000, -3.083952846180988900E-15, -0.000000000000000000 ) ) ;
#547 = ORIENTED_EDGE ( 'NONE', *, *, #1352, .F. ) ;
#548 = ADVANCED_FACE ( 'NONE', ( #1155 ), #185, .T. ) ;
#549 = CARTESIAN_POINT ( 'NONE',  ( -219.3500000000000227, -7.000000000000001776, -130.5500000000000114 ) ) ;
#550 = EDGE_CURVE ( 'NONE', #1088, #164, #25, .T. ) ;
#551 = DIRECTION ( 'NONE',  ( -1.000000000000000000, -3.083952846180988900E-15, -0.000000000000000000 ) ) ;
#552 = ORIENTED_EDGE ( 'NONE', *, *, #1962, .T. ) ;
#553 = LINE ( 'NONE', #533, #1468 ) ;
#554 = LINE ( 'NONE', #1503, #1770 ) ;
#555 = LINE ( 'NONE', #699, #1626 ) ;
#556 = ORIENTED_EDGE ( 'NONE', *, *, #1610, .T. ) ;
#557 = LINE ( 'NONE', #1945, #802 ) ;
#558 = DIRECTION ( 'NONE',  ( 0.000000000000000000, 0.000000000000000000, 1.000000000000000000 ) ) ;
#559 = AXIS2_PLACEMENT_3D ( 'NONE', #1852, #1418, #276 ) ;
#560 = ORIENTED_EDGE ( 'NONE', *, *, #88, .F. ) ;
#561 = ADVANCED_FACE ( 'NONE', ( #501, #1145, #1773, #990 ), #1618, .F. ) ;
#562 = DIRECTION ( 'NONE',  ( -0.000000000000000000, 1.000000000000000000, -0.000000000000000000 ) ) ;
#563 = AXIS2_PLACEMENT_3D ( 'NONE', #1491, #1030, #1512 ) ;
#564 = DIRECTION ( 'NONE',  ( 0.000000000000000000, 0.000000000000000000, 1.000000000000000000 ) ) ;
#565 = ORIENTED_EDGE ( 'NONE', *, *, #603, .F. ) ;
#566 = AXIS2_PLACEMENT_3D ( 'NONE', #868, #1974, #1188 ) ;
#567 = AXIS2_PLACEMENT_3D ( 'NONE', #1480, #378, #1020 ) ;
#568 = FACE_OUTER_BOUND ( 'NONE', #1235, .T. ) ;
#569 = VECTOR ( 'NONE', #902, 1000.000000000000000 ) ;
#570 = DIRECTION ( 'NONE',  ( -1.000000000000000000, 0.000000000000000000, -0.000000000000000000 ) ) ;
#571 = ORIENTED_EDGE ( 'NONE', *, *, #70, .F. ) ;
#572 = LINE ( 'NONE', #225, #1597 ) ;
#573 = DIRECTION ( 'NONE',  ( -0.000000000000000000, 0.000000000000000000, 1.000000000000000000 ) ) ;
#574 = DIRECTION ( 'NONE',  ( -1.000000000000000000, -3.083952846180988900E-15, -0.000000000000000000 ) ) ;
#575 = CARTESIAN_POINT ( 'NONE',  ( -120.4999999999998721, 0.000000000000000000, 127.8499999999995680 ) ) ;
#576 = VERTEX_POINT ( 'NONE', #1818 ) ;
#577 = CARTESIAN_POINT ( 'NONE',  ( -218.3500000000000512, -10.00000000000000533, -130.5500000000000114 ) ) ;
#578 = DIRECTION ( 'NONE',  ( 3.083952846180988900E-15, -1.000000000000000000, 0.000000000000000000 ) ) ;
#579 = ORIENTED_EDGE ( 'NONE', *, *, #380, .T. ) ;
#580 = CARTESIAN_POINT ( 'NONE',  ( 99.00000000000007105, 0.000000000000000000, 127.8499999999995680 ) ) ;
#581 = CARTESIAN_POINT ( 'NONE',  ( -219.3499999999999943, -10.00000000000000178, 133.5500000000000114 ) ) ;
#582 = ORIENTED_EDGE ( 'NONE', *, *, #1744, .T. ) ;
#583 = EDGE_CURVE ( 'NONE', #785, #1088, #1823, .T. ) ;
#584 = ORIENTED_EDGE ( 'NONE', *, *, #353, .F. ) ;
#585 = PLANE ( 'NONE',  #629 ) ;
#586 = EDGE_LOOP ( 'NONE', ( #937, #774, #1614, #130 ) ) ;
#587 = VECTOR ( 'NONE', #599, 1000.000000000000000 ) ;
#588 = CARTESIAN_POINT ( 'NONE',  ( 219.3499999999999943, -1.499999999999998224, -133.5500000000000114 ) ) ;
#589 = CARTESIAN_POINT ( 'NONE',  ( 219.3499999999999943, -4.500000000000496492, 90.05000000000126192 ) ) ;
#590 = EDGE_LOOP ( 'NONE', ( #1861, #538 ) ) ;
#591 = VECTOR ( 'NONE', #686, 1000.000000000000000 ) ;
#592 = EDGE_LOOP ( 'NONE', ( #1498, #228 ) ) ;
#593 = AXIS2_PLACEMENT_3D ( 'NONE', #804, #1286, #1001 ) ;
#594 = PLANE ( 'NONE',  #1798 ) ;
#595 = VERTEX_POINT ( 'NONE', #1367 ) ;
#596 = AXIS2_PLACEMENT_3D ( 'NONE', #1320, #1327, #46 ) ;
#597 = FACE_BOUND ( 'NONE', #286, .T. ) ;
#598 = LINE ( 'NONE', #291, #11 ) ;
#599 = DIRECTION ( 'NONE',  ( -3.083952846180988900E-15, -1.000000000000000000, 0.000000000000000000 ) ) ;
#600 = ORIENTED_EDGE ( 'NONE', *, *, #49, .F. ) ;
#601 = EDGE_CURVE ( 'NONE', #265, #1450, #860, .T. ) ;
#602 = EDGE_LOOP ( 'NONE', ( #151, #1282, #584, #1555 ) ) ;
#603 = EDGE_CURVE ( 'NONE', #519, #1711, #553, .T. ) ;
#604 = PRODUCT_RELATED_PRODUCT_CATEGORY ( 'detail', '', ( #685 ) ) ;
#605 = DIRECTION ( 'NONE',  ( 0.000000000000000000, 0.000000000000000000, 1.000000000000000000 ) ) ;
#606 = ORIENTED_EDGE ( 'NONE', *, *, #939, .T. ) ;
#607 = EDGE_CURVE ( 'NONE', #1445, #83, #1763, .T. ) ;
#608 = DIRECTION ( 'NONE',  ( 3.083952846180988900E-15, 1.000000000000000000, -0.000000000000000000 ) ) ;
#609 = DIRECTION ( 'NONE',  ( 0.000000000000000000, 1.000000000000000000, 0.000000000000000000 ) ) ;
#610 = EDGE_CURVE ( 'NONE', #1088, #785, #796, .T. ) ;
#611 = DIRECTION ( 'NONE',  ( 0.000000000000000000, 1.000000000000000000, 0.000000000000000000 ) ) ;
#612 = LINE ( 'NONE', #1586, #136 ) ;
#613 = EDGE_LOOP ( 'NONE', ( #1033, #1124, #1239, #1377 ) ) ;
#614 = VERTEX_POINT ( 'NONE', #59 ) ;
#615 = DIRECTION ( 'NONE',  ( -1.000000000000000000, 0.000000000000000000, -0.000000000000000000 ) ) ;
#616 = ORIENTED_EDGE ( 'NONE', *, *, #1168, .F. ) ;
#617 = PERSON_AND_ORGANIZATION_ROLE ( 'creator' ) ;
#618 = CARTESIAN_POINT ( 'NONE',  ( -219.3500000000000227, -6.999999999999172218, -89.94999999999866702 ) ) ;
#619 = VECTOR ( 'NONE', #1657, 1000.000000000000000 ) ;
#620 = CARTESIAN_POINT ( 'NONE',  ( -219.3499999999999943, -5.749999999999141131, 90.05000000000131877 ) ) ;
#621 = DIRECTION ( 'NONE',  ( -0.000000000000000000, 0.000000000000000000, 1.000000000000000000 ) ) ;
#622 = ORIENTED_EDGE ( 'NONE', *, *, #1029, .T. ) ;
#623 = VECTOR ( 'NONE', #1543, 1000.000000000000000 ) ;
#624 = ORIENTED_EDGE ( 'NONE', *, *, #1869, .T. ) ;
#625 = ADVANCED_FACE ( 'NONE', ( #1038 ), #1210, .F. ) ;
#626 = VERTEX_POINT ( 'NONE', #1199 ) ;
#627 = DIRECTION ( 'NONE',  ( 0.000000000000000000, 1.000000000000000000, 0.000000000000000000 ) ) ;
#628 = ORIENTED_EDGE ( 'NONE', *, *, #1392, .T. ) ;
#629 = AXIS2_PLACEMENT_3D ( 'NONE', #1569, #103, #1228 ) ;
#630 = FACE_OUTER_BOUND ( 'NONE', #437, .T. ) ;
#631 = AXIS2_PLACEMENT_3D ( 'NONE', #1096, #89, #1264 ) ;
#632 = VECTOR ( 'NONE', #408, 1000.000000000000000 ) ;
#633 = DIRECTION ( 'NONE',  ( -1.000000000000000000, 0.000000000000000000, -0.000000000000000000 ) ) ;
#634 = FACE_BOUND ( 'NONE', #410, .T. ) ;
#635 = ORIENTED_EDGE ( 'NONE', *, *, #353, .T. ) ;
#636 = CIRCLE ( 'NONE', #1439, 1.750000000000001554 ) ;
#637 = EDGE_CURVE ( 'NONE', #1157, #174, #1054, .T. ) ;
#638 = EDGE_LOOP ( 'NONE', ( #505, #1889, #1206, #741 ) ) ;
#639 = ORIENTED_EDGE ( 'NONE', *, *, #1879, .F. ) ;
#640 = CARTESIAN_POINT ( 'NONE',  ( -113.5000000000001847, -10.00000000000000533, -127.8499999999995254 ) ) ;
#641 = EDGE_LOOP ( 'NONE', ( #961, #406, #1762, #1971 ) ) ;
#642 = DIRECTION ( 'NONE',  ( 0.000000000000000000, 0.000000000000000000, -1.000000000000000000 ) ) ;
#643 = CALENDAR_DATE ( 2026, 25, 7 ) ;
#644 = CARTESIAN_POINT ( 'NONE',  ( -218.3500000000000512, -7.000000000000005329, -133.5500000000000114 ) ) ;
#645 = LINE ( 'NONE', #1958, #1802 ) ;
#646 = ORIENTED_EDGE ( 'NONE', *, *, #755, .F. ) ;
#647 = VERTEX_POINT ( 'NONE', #233 ) ;
#648 = ORIENTED_EDGE ( 'NONE', *, *, #245, .T. ) ;
#649 = EDGE_CURVE ( 'NONE', #1515, #126, #1665, .T. ) ;
#650 = LINE ( 'NONE', #333, #1069 ) ;
#651 = ORIENTED_EDGE ( 'NONE', *, *, #1021, .T. ) ;
#652 = PLANE ( 'NONE',  #1011 ) ;
#653 = APPROVAL_STATUS ( 'not_yet_approved' ) ;
#654 = VECTOR ( 'NONE', #1622, 1000.000000000000000 ) ;
#655 = DIRECTION ( 'NONE',  ( -1.000000000000000000, 3.083952846180989294E-15, 1.220025301785886658E-16 ) ) ;
#656 = CARTESIAN_POINT ( 'NONE',  ( -20.00000000000019895, 0.000000000000000000, 127.7999999999991871 ) ) ;
#657 = ORIENTED_EDGE ( 'NONE', *, *, #1279, .F. ) ;
#658 = DIRECTION ( 'NONE',  ( 0.000000000000000000, -1.000000000000000000, 0.000000000000000000 ) ) ;
#659 = CIRCLE ( 'NONE', #559, 1.750000000000001554 ) ;
#660 = ORIENTED_EDGE ( 'NONE', *, *, #417, .F. ) ;
#661 = EDGE_CURVE ( 'NONE', #952, #806, #1992, .T. ) ;
#662 = DIRECTION ( 'NONE',  ( -0.000000000000000000, -0.000000000000000000, 1.000000000000000000 ) ) ;
#663 = ORIENTED_EDGE ( 'NONE', *, *, #1788, .T. ) ;
#664 = CYLINDRICAL_SURFACE ( 'NONE', #1766, 1.249999999999997558 ) ;
#665 = DATE_AND_TIME ( #1571, #109 ) ;
#666 = CIRCLE ( 'NONE', #1305, 1.250000000000001110 ) ;
#667 = VECTOR ( 'NONE', #385, 1000.000000000000000 ) ;
#668 = CARTESIAN_POINT ( 'NONE',  ( 219.3499999999999659, -7.000000000000488498, 0.05000000000127260980 ) ) ;
#669 = CARTESIAN_POINT ( 'NONE',  ( -218.3500000000000227, -10.00000000000000533, 130.5500000000000114 ) ) ;
#670 = EDGE_LOOP ( 'NONE', ( #1307, #111, #1919, #932 ) ) ;
#671 = AXIS2_PLACEMENT_3D ( 'NONE', #420, #1409, #2039 ) ;
#672 = DIRECTION ( 'NONE',  ( 0.000000000000000000, 0.000000000000000000, 1.000000000000000000 ) ) ;
#673 = ORIENTED_EDGE ( 'NONE', *, *, #1143, .F. ) ;
#674 = EDGE_CURVE ( 'NONE', #1149, #1612, #572, .T. ) ;
#675 = FACE_OUTER_BOUND ( 'NONE', #985, .T. ) ;
#676 = VERTEX_POINT ( 'NONE', #1330 ) ;
#677 = CARTESIAN_POINT ( 'NONE',  ( -17.00000000000019540, 0.000000000000000000, 129.5499999999991587 ) ) ;
#678 = ADVANCED_FACE ( 'NONE', ( #891 ), #1998, .F. ) ;
#679 = LINE ( 'NONE', #1783, #266 ) ;
#680 = LINE ( 'NONE', #186, #765 ) ;
#681 = LINE ( 'NONE', #831, #1390 ) ;
#682 = ORIENTED_EDGE ( 'NONE', *, *, #610, .T. ) ;
#683 = CARTESIAN_POINT ( 'NONE',  ( 219.3499999999999659, -5.750000000000527578, -89.94999999999872387 ) ) ;
#684 = CARTESIAN_POINT ( 'NONE',  ( -219.3499999999999943, -5.749999999999141131, 90.05000000000131877 ) ) ;
#685 = PRODUCT ( '19in_Dual_SBS-Lid', '19in_Dual_SBS-Lid', '', ( #2036 ) ) ;
#686 = DIRECTION ( 'NONE',  ( 1.000000000000000000, 0.000000000000000000, 0.000000000000000000 ) ) ;
#687 = DIRECTION ( 'NONE',  ( -1.000000000000000000, 0.000000000000000000, -0.000000000000000000 ) ) ;
#688 = EDGE_CURVE ( 'NONE', #1834, #992, #1340, .T. ) ;
#689 = CLOSED_SHELL ( 'NONE', ( #1479, #1782, #1285, #830, #376, #678, #1465, #2002, #431, #1580, #137, #1417, #548, #1898, #1195, #2035, #1050, #1652, #761, #1646, #895, #509, #440, #702, #1517, #561, #965, #310, #1529, #1160, #920, #1844, #1357, #1854, #142, #1397, #249, #1310, #781, #459, #1046, #1134, #331, #900, #1715, #1442, #1294, #625, #1619, #1982, #1759, #2015, #1920, #323, #1637, #1748, #857, #1019, #944, #1617, #783, #337 ) ) ;
#690 = CARTESIAN_POINT ( 'NONE',  ( -218.3500000000000227, -5.749999999999177547, -89.94999999999866702 ) ) ;
#691 = ORIENTED_EDGE ( 'NONE', *, *, #371, .F. ) ;
#692 = FACE_OUTER_BOUND ( 'NONE', #1066, .T. ) ;
#693 = DIRECTION ( 'NONE',  ( 0.000000000000000000, -1.000000000000000000, 0.000000000000000000 ) ) ;
#694 = EDGE_CURVE ( 'NONE', #751, #772, #1483, .T. ) ;
#695 = DIRECTION ( 'NONE',  ( -0.000000000000000000, -0.000000000000000000, -1.000000000000000000 ) ) ;
#696 = CARTESIAN_POINT ( 'NONE',  ( 99.00000000000007105, -10.00000000000000533, 127.8499999999995680 ) ) ;
#697 = AXIS2_PLACEMENT_3D ( 'NONE', #826, #1906, #1313 ) ;
#698 = VECTOR ( 'NONE', #941, 1000.000000000000000 ) ;
#699 = CARTESIAN_POINT ( 'NONE',  ( 219.3500000000000227, -7.000000000000001776, -133.5500000000000114 ) ) ;
#700 = ORIENTED_EDGE ( 'NONE', *, *, #57, .F. ) ;
#701 = AXIS2_PLACEMENT_3D ( 'NONE', #683, #1161, #1822 ) ;
#702 = ADVANCED_FACE ( 'NONE', ( #78 ), #1691, .F. ) ;
#703 = AXIS2_PLACEMENT_3D ( 'NONE', #1484, #60, #516 ) ;
#704 = LINE ( 'NONE', #392, #667 ) ;
#705 = AXIS2_PLACEMENT_3D ( 'NONE', #433, #281, #133 ) ;
#706 = DIRECTION ( 'NONE',  ( 0.000000000000000000, -0.000000000000000000, 1.000000000000000000 ) ) ;
#707 = ORIENTED_EDGE ( 'NONE', *, *, #1070, .F. ) ;
#708 = DIRECTION ( 'NONE',  ( -0.000000000000000000, 1.000000000000000000, -0.000000000000000000 ) ) ;
#709 = DIRECTION ( 'NONE',  ( -0.000000000000000000, -0.000000000000000000, -1.000000000000000000 ) ) ;
#710 = VERTEX_POINT ( 'NONE', #752 ) ;
#711 = CARTESIAN_POINT ( 'NONE',  ( -0.5000000000001534328, 0.000000000000000000, -127.8499999999995254 ) ) ;
#712 = EDGE_CURVE ( 'NONE', #2012, #576, #1083, .T. ) ;
#713 = CARTESIAN_POINT ( 'NONE',  ( 219.3499999999999943, -5.750000000000494715, 90.05000000000126192 ) ) ;
#714 = ORIENTED_EDGE ( 'NONE', *, *, #2011, .F. ) ;
#715 = CARTESIAN_POINT ( 'NONE',  ( 218.3500000000000227, -10.00000000000000533, -133.5500000000000114 ) ) ;
#716 = CARTESIAN_POINT ( 'NONE',  ( 113.4999999999998153, 0.000000000000000000, -127.8499999999995254 ) ) ;
#717 = DIRECTION ( 'NONE',  ( 0.000000000000000000, 1.000000000000000000, 0.000000000000000000 ) ) ;
#718 = ORIENTED_EDGE ( 'NONE', *, *, #201, .F. ) ;
#719 = CIRCLE ( 'NONE', #1850, 1.249999999999997558 ) ;
#720 = CARTESIAN_POINT ( 'NONE',  ( 99.00000000000007105, -10.00000000000000533, 131.3499999999995680 ) ) ;
#721 = EDGE_CURVE ( 'NONE', #676, #1678, #1172, .T. ) ;
#722 = CYLINDRICAL_SURFACE ( 'NONE', #464, 1.750000000000001554 ) ;
#723 = ORIENTED_EDGE ( 'NONE', *, *, #877, .F. ) ;
#724 = CARTESIAN_POINT ( 'NONE',  ( -20.00000000000019895, 0.000000000000000000, 127.7999999999991871 ) ) ;
#725 = FACE_OUTER_BOUND ( 'NONE', #127, .T. ) ;
#726 = DIRECTION ( 'NONE',  ( 0.000000000000000000, -1.000000000000000000, 0.000000000000000000 ) ) ;
#727 = AXIS2_PLACEMENT_3D ( 'NONE', #850, #871, #1520 ) ;
#728 = CARTESIAN_POINT ( 'NONE',  ( 99.00000000000007105, -1.000000000000000888, 127.8499999999995680 ) ) ;
#729 = ORIENTED_EDGE ( 'NONE', *, *, #1382, .F. ) ;
#730 = CIRCLE ( 'NONE', #171, 1.749999999999973799 ) ;
#731 = CIRCLE ( 'NONE', #1800, 3.000000000000000000 ) ;
#732 = DIRECTION ( 'NONE',  ( 0.000000000000000000, -0.000000000000000000, 1.000000000000000000 ) ) ;
#733 = EDGE_CURVE ( 'NONE', #1333, #759, #131, .T. ) ;
#734 = CARTESIAN_POINT ( 'NONE',  ( -3.500000000000153211, 0.000000000000000000, -131.3499999999995111 ) ) ;
#735 = AXIS2_PLACEMENT_3D ( 'NONE', #737, #2026, #1241 ) ;
#736 = ORIENTED_EDGE ( 'NONE', *, *, #61, .F. ) ;
#737 = CARTESIAN_POINT ( 'NONE',  ( -218.3499999999999943, -5.749999999999144684, 90.05000000000131877 ) ) ;
#738 = DIRECTION ( 'NONE',  ( 0.000000000000000000, 0.000000000000000000, -1.000000000000000000 ) ) ;
#739 = EDGE_CURVE ( 'NONE', #2004, #1291, #1135, .T. ) ;
#740 = CARTESIAN_POINT ( 'NONE',  ( 217.8499999999999943, -2.385244779468109755E-15, 133.5500000000000114 ) ) ;
#741 = ORIENTED_EDGE ( 'NONE', *, *, #917, .F. ) ;
#742 = DIRECTION ( 'NONE',  ( 1.000000000000000000, 0.000000000000000000, 0.000000000000000000 ) ) ;
#743 = ORIENTED_EDGE ( 'NONE', *, *, #1556, .T. ) ;
#744 = LINE ( 'NONE', #107, #275 ) ;
#745 = DIRECTION ( 'NONE',  ( -1.000000000000000000, -8.818177669548760982E-15, 0.000000000000000000 ) ) ;
#746 = CARTESIAN_POINT ( 'NONE',  ( 116.4999999999998153, 0.000000000000000000, -131.3499999999995111 ) ) ;
#747 = ORIENTED_EDGE ( 'NONE', *, *, #35, .F. ) ;
#748 = ORIENTED_EDGE ( 'NONE', *, *, #996, .F. ) ;
#749 = AXIS2_PLACEMENT_3D ( 'NONE', #19, #1642, #1786 ) ;
#750 = CARTESIAN_POINT ( 'NONE',  ( -218.3499999999999943, -1.500000000000001332, 133.5500000000000114 ) ) ;
#751 = VERTEX_POINT ( 'NONE', #522 ) ;
#752 = CARTESIAN_POINT ( 'NONE',  ( 218.3500000000000227, -7.000000000000521361, -89.94999999999872387 ) ) ;
#753 = FACE_BOUND ( 'NONE', #1866, .T. ) ;
#754 = DIRECTION ( 'NONE',  ( 1.000000000000000000, 3.035766082959409654E-15, 0.000000000000000000 ) ) ;
#755 = EDGE_CURVE ( 'NONE', #164, #1884, #666, .T. ) ;
#756 = CARTESIAN_POINT ( 'NONE',  ( -113.5000000000001847, -1.000000000000000888, -129.5999999999995111 ) ) ;
#757 = ORIENTED_EDGE ( 'NONE', *, *, #1219, .F. ) ;
#758 = VECTOR ( 'NONE', #1940, 1000.000000000000000 ) ;
#759 = VERTEX_POINT ( 'NONE', #988 ) ;
#760 = AXIS2_PLACEMENT_3D ( 'NONE', #1182, #1518, #1364 ) ;
#761 = ADVANCED_FACE ( 'NONE', ( #1739 ), #652, .F. ) ;
#762 = AXIS2_PLACEMENT_3D ( 'NONE', #2043, #179, #615 ) ;
#763 = DIRECTION ( 'NONE',  ( 0.000000000000000000, 0.000000000000000000, 1.000000000000000000 ) ) ;
#764 = VERTEX_POINT ( 'NONE', #48 ) ;
#765 = VECTOR ( 'NONE', #1794, 1000.000000000000000 ) ;
#766 = DIRECTION ( 'NONE',  ( 0.000000000000000000, -1.000000000000000000, 0.000000000000000000 ) ) ;
#767 = FACE_OUTER_BOUND ( 'NONE', #810, .T. ) ;
#768 = DIRECTION ( 'NONE',  ( -1.000000000000000000, -3.083952846180988900E-15, -0.000000000000000000 ) ) ;
#769 = DIRECTION ( 'NONE',  ( -1.000000000000000000, 0.000000000000000000, 0.000000000000000000 ) ) ;
#770 = DIRECTION ( 'NONE',  ( -0.000000000000000000, -1.000000000000000000, -0.000000000000000000 ) ) ;
#771 = VERTEX_POINT ( 'NONE', #1297 ) ;
#772 = VERTEX_POINT ( 'NONE', #1 ) ;
#773 = DIRECTION ( 'NONE',  ( 1.000000000000000000, -8.673617379884027583E-15, 0.000000000000000000 ) ) ;
#774 = ORIENTED_EDGE ( 'NONE', *, *, #158, .T. ) ;
#775 = COORDINATED_UNIVERSAL_TIME_OFFSET ( 12, 0, .AHEAD. ) ;
#776 = CARTESIAN_POINT ( 'NONE',  ( -219.3499999999999659, 0.000000000000000000, 133.5500000000000114 ) ) ;
#777 = CARTESIAN_POINT ( 'NONE',  ( 219.3500000000000227, -10.00000000000000178, -130.5500000000000114 ) ) ;
#778 = DIRECTION ( 'NONE',  ( -1.000000000000000000, 3.083952846180988900E-15, 1.039145474190524715E-16 ) ) ;
#779 = EDGE_LOOP ( 'NONE', ( #322, #1775, #285, #494 ) ) ;
#780 = VERTEX_POINT ( 'NONE', #513 ) ;
#781 = ADVANCED_FACE ( 'NONE', ( #1140 ), #1605, .F. ) ;
#782 = EDGE_LOOP ( 'NONE', ( #950, #1150 ) ) ;
#783 = ADVANCED_FACE ( 'NONE', ( #630 ), #1461, .F. ) ;
#784 = DIRECTION ( 'NONE',  ( 1.000000000000000000, 0.000000000000000000, 0.000000000000000000 ) ) ;
#785 = VERTEX_POINT ( 'NONE', #786 ) ;
#786 = CARTESIAN_POINT ( 'NONE',  ( -218.3500000000000227, -4.499999999999136691, 0.05000000000132623357 ) ) ;
#787 = DATE_AND_TIME ( #643, #1506 ) ;
#788 = CARTESIAN_POINT ( 'NONE',  ( 219.3499999999999659, -5.750000000000527578, -89.94999999999872387 ) ) ;
#789 = AXIS2_PLACEMENT_3D ( 'NONE', #970, #190, #1754 ) ;
#790 = EDGE_CURVE ( 'NONE', #1226, #1057, #964, .T. ) ;
#791 = LINE ( 'NONE', #2009, #587 ) ;
#792 = DIRECTION ( 'NONE',  ( 1.000000000000000000, 0.000000000000000000, 0.000000000000000000 ) ) ;
#793 = ORIENTED_EDGE ( 'NONE', *, *, #674, .F. ) ;
#794 = VERTEX_POINT ( 'NONE', #1274 ) ;
#795 = ORIENTED_EDGE ( 'NONE', *, *, #1401, .T. ) ;
#796 = CIRCLE ( 'NONE', #1133, 1.250000000000001110 ) ;
#797 = DIRECTION ( 'NONE',  ( -1.000000000000000000, 3.083952846180989294E-15, 1.220025301785886658E-16 ) ) ;
#798 = EDGE_LOOP ( 'NONE', ( #1519, #795, #1570, #622 ) ) ;
#799 = AXIS2_PLACEMENT_3D ( 'NONE', #889, #1009, #1814 ) ;
#800 = CARTESIAN_POINT ( 'NONE',  ( -217.8499999999999943, -1.500000000000002887, -133.5500000000000114 ) ) ;
#801 = APPLICATION_PROTOCOL_DEFINITION ( 'international standard', 'config_control_design', 1994, #128 ) ;
#802 = VECTOR ( 'NONE', #1671, 1000.000000000000000 ) ;
#803 = AXIS2_PLACEMENT_3D ( 'NONE', #1324, #491, #687 ) ;
#804 = CARTESIAN_POINT ( 'NONE',  ( 219.3500000000000227, -7.000000000000001776, -130.5500000000000114 ) ) ;
#805 = FACE_OUTER_BOUND ( 'NONE', #458, .T. ) ;
#806 = VERTEX_POINT ( 'NONE', #1592 ) ;
#807 = AXIS2_PLACEMENT_3D ( 'NONE', #1262, #1094, #1724 ) ;
#808 = EDGE_CURVE ( 'NONE', #1678, #676, #1499, .T. ) ;
#809 = DIRECTION ( 'NONE',  ( -1.000000000000000000, 3.083952846180988900E-15, 1.220025301785886658E-16 ) ) ;
#810 = EDGE_LOOP ( 'NONE', ( #345, #492, #673, #1563 ) ) ;
#811 = DIRECTION ( 'NONE',  ( -0.000000000000000000, 1.000000000000000000, -0.000000000000000000 ) ) ;
#812 = ORIENTED_EDGE ( 'NONE', *, *, #380, .F. ) ;
#813 = PLANE ( 'NONE',  #799 ) ;
#814 = COORDINATED_UNIVERSAL_TIME_OFFSET ( 12, 0, .AHEAD. ) ;
#815 = DIRECTION ( 'NONE',  ( 1.000000000000000000, 3.035766082959409654E-15, 0.000000000000000000 ) ) ;
#816 = EDGE_CURVE ( 'NONE', #1455, #1577, #497, .T. ) ;
#817 = DIRECTION ( 'NONE',  ( 1.000000000000000000, 0.000000000000000000, -0.000000000000000000 ) ) ;
#818 = ORIENTED_EDGE ( 'NONE', *, *, #201, .T. ) ;
#819 = CARTESIAN_POINT ( 'NONE',  ( -117.4999999999998721, -1.000000000000000888, 127.8499999999995680 ) ) ;
#820 = VERTEX_POINT ( 'NONE', #1780 ) ;
#821 = CARTESIAN_POINT ( 'NONE',  ( 0.000000000000000000, -1.000000000000000000, -131.3499999999995111 ) ) ;
#822 = VERTEX_POINT ( 'NONE', #36 ) ;
#823 = DIRECTION ( 'NONE',  ( 0.000000000000000000, 0.000000000000000000, 1.000000000000000000 ) ) ;
#824 = APPROVAL_STATUS ( 'not_yet_approved' ) ;
#825 = AXIS2_PLACEMENT_3D ( 'NONE', #1016, #343, #1332 ) ;
#826 = CARTESIAN_POINT ( 'NONE',  ( -218.3500000000000227, -5.749999999999177547, -89.94999999999866702 ) ) ;
#827 = PLANE ( 'NONE',  #242 ) ;
#828 = ORIENTED_EDGE ( 'NONE', *, *, #93, .F. ) ;
#829 = VECTOR ( 'NONE', #1668, 1000.000000000000000 ) ;
#830 = ADVANCED_FACE ( 'NONE', ( #1581 ), #664, .F. ) ;
#831 = CARTESIAN_POINT ( 'NONE',  ( -219.3500000000000227, -10.00000000000000178, 2.279365597636915846E-14 ) ) ;
#832 = EDGE_LOOP ( 'NONE', ( #63, #232, #496, #552 ) ) ;
#833 = DIRECTION ( 'NONE',  ( 0.000000000000000000, 0.000000000000000000, 1.000000000000000000 ) ) ;
#834 = EDGE_CURVE ( 'NONE', #820, #904, #874, .T. ) ;
#835 = EDGE_LOOP ( 'NONE', ( #430, #2053, #34, #1812 ) ) ;
#836 = EDGE_CURVE ( 'NONE', #771, #1908, #1936, .T. ) ;
#837 = AXIS2_PLACEMENT_3D ( 'NONE', #66, #1647, #1838 ) ;
#838 = DIRECTION ( 'NONE',  ( 0.000000000000000000, 0.000000000000000000, 1.000000000000000000 ) ) ;
#839 = CIRCLE ( 'NONE', #338, 1.750000000000001554 ) ;
#840 = AXIS2_PLACEMENT_3D ( 'NONE', #1807, #293, #1252 ) ;
#841 = LINE ( 'NONE', #1323, #1528 ) ;
#842 = DIRECTION ( 'NONE',  ( 0.000000000000000000, -1.000000000000000000, 0.000000000000000000 ) ) ;
#843 = AXIS2_PLACEMENT_3D ( 'NONE', #1085, #1849, #745 ) ;
#844 = LINE ( 'NONE', #1598, #1490 ) ;
#845 = VERTEX_POINT ( 'NONE', #1750 ) ;
#846 = FACE_OUTER_BOUND ( 'NONE', #1255, .T. ) ;
#847 = CYLINDRICAL_SURFACE ( 'NONE', #1858, 1.749999999999973799 ) ;
#848 = EDGE_CURVE ( 'NONE', #1080, #197, #1068, .T. ) ;
#849 = DESIGN_CONTEXT ( 'detailed design', #128, 'design' ) ;
#850 = CARTESIAN_POINT ( 'NONE',  ( 219.3499999999999659, -5.750000000000527578, -89.94999999999872387 ) ) ;
#851 = CARTESIAN_POINT ( 'NONE',  ( -217.8499999999999943, -1.500000000000002887, 133.5500000000000114 ) ) ;
#852 = APPROVAL ( #653, 'UNSPECIFIED' ) ;
#853 = DIRECTION ( 'NONE',  ( 0.000000000000000000, 0.000000000000000000, -1.000000000000000000 ) ) ;
#854 = ORIENTED_EDGE ( 'NONE', *, *, #1227, .T. ) ;
#855 = EDGE_CURVE ( 'NONE', #521, #1455, #1627, .T. ) ;
#856 = LINE ( 'NONE', #1027, #342 ) ;
#857 = ADVANCED_FACE ( 'NONE', ( #182 ), #813, .F. ) ;
#858 = CYLINDRICAL_SURFACE ( 'NONE', #1532, 1.249999999999997558 ) ;
#859 = MANIFOLD_SOLID_BREP ( 'Cut-Extrude4', #689 ) ;
#860 = LINE ( 'NONE', #1803, #2022 ) ;
#861 = DIRECTION ( 'NONE',  ( 1.000000000000000000, 0.000000000000000000, 0.000000000000000000 ) ) ;
#862 = EDGE_CURVE ( 'NONE', #1701, #647, #2025, .T. ) ;
#863 = AXIS2_PLACEMENT_3D ( 'NONE', #211, #493, #364 ) ;
#864 = CARTESIAN_POINT ( 'NONE',  ( 218.3500000000000227, -4.500000000000525802, -89.94999999999872387 ) ) ;
#865 = ORIENTED_EDGE ( 'NONE', *, *, #808, .F. ) ;
#866 = VECTOR ( 'NONE', #1714, 1000.000000000000000 ) ;
#867 = DIRECTION ( 'NONE',  ( 0.000000000000000000, 1.000000000000000000, 0.000000000000000000 ) ) ;
#868 = CARTESIAN_POINT ( 'NONE',  ( -218.3499999999999943, 6.764650568097998494E-13, 2.268974142895010178E-14 ) ) ;
#869 = EDGE_LOOP ( 'NONE', ( #1806, #743, #663, #1003 ) ) ;
#870 = AXIS2_PLACEMENT_3D ( 'NONE', #1629, #195, #1023 ) ;
#871 = DIRECTION ( 'NONE',  ( -1.000000000000000000, 3.083952846180989294E-15, 1.220025301785886658E-16 ) ) ;
#872 = DIRECTION ( 'NONE',  ( -1.000000000000000000, 3.083952846180988900E-15, 1.220025301785886658E-16 ) ) ;
#873 = AXIS2_PLACEMENT_3D ( 'NONE', #800, #642, #487 ) ;
#874 = CIRCLE ( 'NONE', #2028, 1.249999999999997558 ) ;
#875 = DIRECTION ( 'NONE',  ( 0.000000000000000000, 0.000000000000000000, 1.000000000000000000 ) ) ;
#876 = VERTEX_POINT ( 'NONE', #82 ) ;
#877 = EDGE_CURVE ( 'NONE', #1757, #887, #1338, .T. ) ;
#878 = VECTOR ( 'NONE', #742, 1000.000000000000000 ) ;
#879 = VECTOR ( 'NONE', #1878, 1000.000000000000000 ) ;
#880 = CARTESIAN_POINT ( 'NONE',  ( 116.4999999999998153, -1.000000000000000888, -129.5999999999995111 ) ) ;
#881 = CARTESIAN_POINT ( 'NONE',  ( -117.4999999999998721, -1.000000000000000888, 129.5999999999995680 ) ) ;
#882 = ORIENTED_EDGE ( 'NONE', *, *, #1672, .T. ) ;
#883 = CARTESIAN_POINT ( 'NONE',  ( -218.3500000000000227, -5.749999999999137579, 0.05000000000132601846 ) ) ;
#884 = CARTESIAN_POINT ( 'NONE',  ( -219.3500000000000227, -5.749999999999134026, 0.05000000000132613642 ) ) ;
#885 = EDGE_CURVE ( 'NONE', #332, #30, #499, .T. ) ;
#886 = CARTESIAN_POINT ( 'NONE',  ( -116.5000000000001847, -1.000000000000000888, -127.8499999999995254 ) ) ;
#887 = VERTEX_POINT ( 'NONE', #1328 ) ;
#888 = LINE ( 'NONE', #149, #1102 ) ;
#889 = CARTESIAN_POINT ( 'NONE',  ( -0.5000000000001534328, -10.00000000000000533, -127.8499999999995254 ) ) ;
#890 = ORIENTED_EDGE ( 'NONE', *, *, #184, .T. ) ;
#891 = FACE_OUTER_BOUND ( 'NONE', #1301, .T. ) ;
#892 = DIRECTION ( 'NONE',  ( -1.039145474190524592E-16, -2.189528850507526673E-46, -1.000000000000000000 ) ) ;
#893 = DIRECTION ( 'NONE',  ( 0.000000000000000000, 1.000000000000000000, 0.000000000000000000 ) ) ;
#894 = ORIENTED_EDGE ( 'NONE', *, *, #1911, .F. ) ;
#895 = ADVANCED_FACE ( 'NONE', ( #1355 ), #91, .F. ) ;
#896 = AXIS2_PLACEMENT_3D ( 'NONE', #537, #98, #1505 ) ;
#897 = CARTESIAN_POINT ( 'NONE',  ( -219.3499999999999659, -1.499999999999998224, 133.5500000000000114 ) ) ;
#898 = CARTESIAN_POINT ( 'NONE',  ( 219.3499999999999943, 6.799565381486429701E-13, 0.000000000000000000 ) ) ;
#899 = EDGE_LOOP ( 'NONE', ( #2032, #1564, #2030, #199 ) ) ;
#900 = ADVANCED_FACE ( 'NONE', ( #531 ), #722, .F. ) ;
#901 = DIRECTION ( 'NONE',  ( -0.000000000000000000, 1.000000000000000000, -0.000000000000000000 ) ) ;
#902 = DIRECTION ( 'NONE',  ( -1.000000000000000000, -0.000000000000000000, -0.000000000000000000 ) ) ;
#903 = CARTESIAN_POINT ( 'NONE',  ( -3.500000000000153211, 0.000000000000000000, -127.8499999999995254 ) ) ;
#904 = VERTEX_POINT ( 'NONE', #1801 ) ;
#905 = AXIS2_PLACEMENT_3D ( 'NONE', #684, #74, #693 ) ;
#906 = VECTOR ( 'NONE', #770, 1000.000000000000000 ) ;
#907 = AXIS2_PLACEMENT_3D ( 'NONE', #282, #1108, #754 ) ;
#908 = CARTESIAN_POINT ( 'NONE',  ( -217.8499999999999943, 0.000000000000000000, 133.5500000000000114 ) ) ;
#909 = VECTOR ( 'NONE', #2046, 1000.000000000000000 ) ;
#910 = EDGE_LOOP ( 'NONE', ( #1984, #486, #1179, #449 ) ) ;
#911 = EDGE_CURVE ( 'NONE', #1226, #1209, #1726, .T. ) ;
#912 = DIRECTION ( 'NONE',  ( 0.000000000000000000, -0.000000000000000000, 1.000000000000000000 ) ) ;
#913 = FACE_OUTER_BOUND ( 'NONE', #1623, .T. ) ;
#914 = LINE ( 'NONE', #589, #623 ) ;
#915 = ORIENTED_EDGE ( 'NONE', *, *, #258, .T. ) ;
#916 = ORIENTED_EDGE ( 'NONE', *, *, #117, .T. ) ;
#917 = EDGE_CURVE ( 'NONE', #1318, #348, #1662, .T. ) ;
#918 = DIRECTION ( 'NONE',  ( 0.000000000000000000, 1.000000000000000000, 0.000000000000000000 ) ) ;
#919 = ORIENTED_EDGE ( 'NONE', *, *, #28, .F. ) ;
#920 = ADVANCED_FACE ( 'NONE', ( #223 ), #858, .F. ) ;
#921 = DIRECTION ( 'NONE',  ( 1.039145474190524715E-16, -3.204675642725961885E-31, 1.000000000000000000 ) ) ;
#922 = CARTESIAN_POINT ( 'NONE',  ( -218.3499999999999943, -0.9999999999999995559, 133.5500000000000114 ) ) ;
#923 = PLANE ( 'NONE',  #9 ) ;
#924 = CC_DESIGN_PERSON_AND_ORGANIZATION_ASSIGNMENT ( #1937, #1582, ( #1238 ) ) ;
#925 = PLANE ( 'NONE',  #966 ) ;
#926 = EDGE_CURVE ( 'NONE', #260, #952, #1496, .T. ) ;
#927 = ORIENTED_EDGE ( 'NONE', *, *, #1865, .F. ) ;
#928 = ORIENTED_EDGE ( 'NONE', *, *, #1656, .T. ) ;
#929 = ORIENTED_EDGE ( 'NONE', *, *, #1829, .T. ) ;
#930 = CIRCLE ( 'NONE', #489, 0.5000000000000004441 ) ;
#931 = DIRECTION ( 'NONE',  ( -1.000000000000000000, -0.000000000000000000, -0.000000000000000000 ) ) ;
#932 = ORIENTED_EDGE ( 'NONE', *, *, #1240, .F. ) ;
#933 = DIRECTION ( 'NONE',  ( 1.000000000000000000, -0.000000000000000000, 0.000000000000000000 ) ) ;
#934 = CARTESIAN_POINT ( 'NONE',  ( 219.3499999999999659, -7.000000000000488498, 0.05000000000127260980 ) ) ;
#935 = LINE ( 'NONE', #1561, #263 ) ;
#936 = CARTESIAN_POINT ( 'NONE',  ( 0.000000000000000000, -1.000000000000000000, 0.000000000000000000 ) ) ;
#937 = ORIENTED_EDGE ( 'NONE', *, *, #61, .T. ) ;
#938 = ORIENTED_EDGE ( 'NONE', *, *, #209, .F. ) ;
#939 = EDGE_CURVE ( 'NONE', #1515, #352, #71, .T. ) ;
#940 = AXIS2_PLACEMENT_3D ( 'NONE', #640, #833, #973 ) ;
#941 = DIRECTION ( 'NONE',  ( -1.000000000000000000, 3.083952846180989294E-15, 1.220025301785886658E-16 ) ) ;
#942 = EDGE_LOOP ( 'NONE', ( #1384, #714 ) ) ;
#943 = AXIS2_PLACEMENT_3D ( 'NONE', #1444, #1002, #534 ) ;
#944 = ADVANCED_FACE ( 'NONE', ( #386 ), #847, .F. ) ;
#945 = APPROVAL_PERSON_ORGANIZATION ( #1890, #1139, #1119 ) ;
#946 = CARTESIAN_POINT ( 'NONE',  ( -3.500000000000153211, -1.000000000000000888, -127.8499999999995254 ) ) ;
#947 = DIRECTION ( 'NONE',  ( -1.000000000000000000, 3.083952846180988900E-15, 1.220025301785886658E-16 ) ) ;
#948 = DIRECTION ( 'NONE',  ( -1.000000000000000000, 0.000000000000000000, -0.000000000000000000 ) ) ;
#949 = FACE_OUTER_BOUND ( 'NONE', #1669, .T. ) ;
#950 = ORIENTED_EDGE ( 'NONE', *, *, #885, .T. ) ;
#951 = ORIENTED_EDGE ( 'NONE', *, *, #1227, .F. ) ;
#952 = VERTEX_POINT ( 'NONE', #1809 ) ;
#953 = DIRECTION ( 'NONE',  ( -1.000000000000000000, 0.000000000000000000, 0.000000000000000000 ) ) ;
#954 = VERTEX_POINT ( 'NONE', #544 ) ;
#955 = CARTESIAN_POINT ( 'NONE',  ( 102.0000000000000711, -10.00000000000000533, 131.3499999999995680 ) ) ;
#956 = DIRECTION ( 'NONE',  ( 0.000000000000000000, -1.000000000000000000, 0.000000000000000000 ) ) ;
#957 = DIRECTION ( 'NONE',  ( 0.000000000000000000, 0.000000000000000000, 1.000000000000000000 ) ) ;
#958 = CARTESIAN_POINT ( 'NONE',  ( 0.000000000000000000, -1.000000000000000000, 127.7999999999991871 ) ) ;
#959 = EDGE_LOOP ( 'NONE', ( #1864, #1899, #1599, #1424 ) ) ;
#960 = ORIENTED_EDGE ( 'NONE', *, *, #1109, .T. ) ;
#961 = ORIENTED_EDGE ( 'NONE', *, *, #674, .T. ) ;
#962 = LINE ( 'NONE', #495, #1339 ) ;
#963 = EDGE_LOOP ( 'NONE', ( #423, #1486, #1071, #571 ) ) ;
#964 = LINE ( 'NONE', #955, #400 ) ;
#965 = ADVANCED_FACE ( 'NONE', ( #367, #1028, #1653, #231 ), #1347, .T. ) ;
#966 = AXIS2_PLACEMENT_3D ( 'NONE', #2047, #1078, #948 ) ;
#967 = DIRECTION ( 'NONE',  ( -1.000000000000000000, 3.035766082959409654E-15, 0.000000000000000000 ) ) ;
#968 = PLANE ( 'NONE',  #803 ) ;
#969 = EDGE_LOOP ( 'NONE', ( #1280, #1587, #439, #191 ) ) ;
#970 = CARTESIAN_POINT ( 'NONE',  ( -218.3500000000000227, -7.000000000000005329, -130.5500000000000114 ) ) ;
#971 = ORIENTED_EDGE ( 'NONE', *, *, #1610, .F. ) ;
#972 = VECTOR ( 'NONE', #1760, 1000.000000000000000 ) ;
#973 = DIRECTION ( 'NONE',  ( 1.000000000000000000, 0.000000000000000000, -0.000000000000000000 ) ) ;
#974 = ORIENTED_EDGE ( 'NONE', *, *, #1508, .F. ) ;
#975 = VECTOR ( 'NONE', #1426, 1000.000000000000000 ) ;
#976 = DIRECTION ( 'NONE',  ( -1.000000000000000000, -3.491481338843133355E-15, 0.000000000000000000 ) ) ;
#977 = PERSON_AND_ORGANIZATION ( #1699, #77 ) ;
#978 = CIRCLE ( 'NONE', #1897, 1.750000000000001554 ) ;
#979 = CIRCLE ( 'NONE', #1236, 1.250000000000001110 ) ;
#980 = LINE ( 'NONE', #1925, #1304 ) ;
#981 = CARTESIAN_POINT ( 'NONE',  ( 219.3499999999999659, -5.750000000000487610, 0.05000000000127260980 ) ) ;
#982 = ORIENTED_EDGE ( 'NONE', *, *, #1289, .T. ) ;
#983 = APPROVAL_PERSON_ORGANIZATION ( #146, #52, #1781 ) ;
#984 = DIRECTION ( 'NONE',  ( 1.000000000000000000, -3.083952846180988900E-15, -1.039145474190524592E-16 ) ) ;
#985 = EDGE_LOOP ( 'NONE', ( #320, #1910, #1394, #1430 ) ) ;
#986 = CARTESIAN_POINT ( 'NONE',  ( 219.3499999999999659, -5.750000000000487610, 0.05000000000127260980 ) ) ;
#987 = ORIENTED_EDGE ( 'NONE', *, *, #528, .T. ) ;
#988 = CARTESIAN_POINT ( 'NONE',  ( -0.5000000000001525446, 0.000000000000000000, -131.3499999999995111 ) ) ;
#989 = EDGE_CURVE ( 'NONE', #576, #47, #839, .T. ) ;
#990 = FACE_OUTER_BOUND ( 'NONE', #1315, .T. ) ;
#991 = CYLINDRICAL_SURFACE ( 'NONE', #1900, 1.750000000000001554 ) ;
#992 = VERTEX_POINT ( 'NONE', #1826 ) ;
#993 = EDGE_CURVE ( 'NONE', #595, #876, #1673, .T. ) ;
#994 = CARTESIAN_POINT ( 'NONE',  ( -113.5000000000001847, -10.00000000000000533, -131.3499999999995111 ) ) ;
#995 = EDGE_LOOP ( 'NONE', ( #1625, #1383 ) ) ;
#996 = EDGE_CURVE ( 'NONE', #759, #998, #144, .T. ) ;
#997 = DIRECTION ( 'NONE',  ( 0.000000000000000000, -1.000000000000000000, 0.000000000000000000 ) ) ;
#998 = VERTEX_POINT ( 'NONE', #734 ) ;
#999 = CARTESIAN_POINT ( 'NONE',  ( -20.00000000000019895, 0.000000000000000000, 131.2999999999991303 ) ) ;
#1000 = CIRCLE ( 'NONE', #1685, 1.750000000000001554 ) ;
#1001 = DIRECTION ( 'NONE',  ( 0.000000000000000000, -1.000000000000000000, 0.000000000000000000 ) ) ;
#1002 = DIRECTION ( 'NONE',  ( -0.000000000000000000, -0.000000000000000000, 1.000000000000000000 ) ) ;
#1003 = ORIENTED_EDGE ( 'NONE', *, *, #152, .T. ) ;
#1004 = LINE ( 'NONE', #1764, #2017 ) ;
#1005 = ORIENTED_EDGE ( 'NONE', *, *, #583, .T. ) ;
#1006 = EDGE_CURVE ( 'NONE', #1511, #1612, #120, .T. ) ;
#1007 = CARTESIAN_POINT ( 'NONE',  ( 0.000000000000000000, -1.000000000000000000, -127.8499999999995254 ) ) ;
#1008 = AXIS2_PLACEMENT_3D ( 'NONE', #272, #921, #122 ) ;
#1009 = DIRECTION ( 'NONE',  ( 0.000000000000000000, 0.000000000000000000, 1.000000000000000000 ) ) ;
#1010 = EDGE_CURVE ( 'NONE', #771, #751, #730, .T. ) ;
#1011 = AXIS2_PLACEMENT_3D ( 'NONE', #1283, #23, #976 ) ;
#1012 = CIRCLE ( 'NONE', #1695, 1.750000000000001554 ) ;
#1013 = CARTESIAN_POINT ( 'NONE',  ( 99.00000000000007105, -10.00000000000000533, 131.3499999999995680 ) ) ;
#1014 = CARTESIAN_POINT ( 'NONE',  ( -219.3499999999999943, -1.499999999999998224, 133.5500000000000114 ) ) ;
#1015 = AXIS2_PLACEMENT_3D ( 'NONE', #1819, #562, #97 ) ;
#1016 = CARTESIAN_POINT ( 'NONE',  ( -219.3499999999999943, -7.000000000000001776, 130.5500000000000114 ) ) ;
#1017 = AXIS2_PLACEMENT_3D ( 'NONE', #300, #901, #451 ) ;
#1018 = ORIENTED_EDGE ( 'NONE', *, *, #1962, .F. ) ;
#1019 = ADVANCED_FACE ( 'NONE', ( #441 ), #1376, .F. ) ;
#1020 = DIRECTION ( 'NONE',  ( 0.000000000000000000, -1.000000000000000000, 0.000000000000000000 ) ) ;
#1021 = EDGE_CURVE ( 'NONE', #1253, #876, #102, .T. ) ;
#1022 = CARTESIAN_POINT ( 'NONE',  ( 218.3500000000000227, -5.750000000000491163, 90.05000000000126192 ) ) ;
#1023 = DIRECTION ( 'NONE',  ( 3.083952846180988900E-15, 1.000000000000000000, 0.000000000000000000 ) ) ;
#1024 = LINE ( 'NONE', #580, #1437 ) ;
#1025 = CYLINDRICAL_SURFACE ( 'NONE', #896, 3.000000000000000000 ) ;
#1026 = ORIENTED_EDGE ( 'NONE', *, *, #1412, .T. ) ;
#1027 = CARTESIAN_POINT ( 'NONE',  ( 218.3499999999999943, -1.500000000000001332, 133.5500000000000114 ) ) ;
#1028 = FACE_BOUND ( 'NONE', #590, .T. ) ;
#1029 = EDGE_CURVE ( 'NONE', #153, #460, #428, .T. ) ;
#1030 = DIRECTION ( 'NONE',  ( 0.000000000000000000, 1.000000000000000000, 0.000000000000000000 ) ) ;
#1031 = CARTESIAN_POINT ( 'NONE',  ( 219.3499999999999659, -7.000000000000524913, -89.94999999999872387 ) ) ;
#1032 = LINE ( 'NONE', #1514, #94 ) ;
#1033 = ORIENTED_EDGE ( 'NONE', *, *, #1010, .T. ) ;
#1034 = DIRECTION ( 'NONE',  ( 0.000000000000000000, 0.000000000000000000, 1.000000000000000000 ) ) ;
#1035 = EDGE_CURVE ( 'NONE', #845, #2012, #1694, .T. ) ;
#1036 = CARTESIAN_POINT ( 'NONE',  ( 102.0000000000000711, -1.000000000000000888, 129.5999999999995680 ) ) ;
#1037 = ORIENTED_EDGE ( 'NONE', *, *, #1632, .T. ) ;
#1038 = FACE_OUTER_BOUND ( 'NONE', #1990, .T. ) ;
#1039 = LINE ( 'NONE', #226, #541 ) ;
#1040 = DIRECTION ( 'NONE',  ( -0.000000000000000000, 1.000000000000000000, -0.000000000000000000 ) ) ;
#1041 = EDGE_LOOP ( 'NONE', ( #119, #1942, #700, #1611 ) ) ;
#1042 = CYLINDRICAL_SURFACE ( 'NONE', #240, 3.000000000000000000 ) ;
#1043 = DIRECTION ( 'NONE',  ( 0.000000000000000000, 0.000000000000000000, 1.000000000000000000 ) ) ;
#1044 = ORIENTED_EDGE ( 'NONE', *, *, #661, .F. ) ;
#1045 = DIRECTION ( 'NONE',  ( 1.000000000000000000, -3.083952846180988900E-15, -1.039145474190524592E-16 ) ) ;
#1046 = ADVANCED_FACE ( 'NONE', ( #1385 ), #585, .F. ) ;
#1047 = CARTESIAN_POINT ( 'NONE',  ( -3.500000000000153211, -10.00000000000000533, -129.5999999999995111 ) ) ;
#1048 = CARTESIAN_POINT ( 'NONE',  ( -17.00000000000019540, -1.000000000000000000, 131.2999999999991303 ) ) ;
#1049 = ORIENTED_EDGE ( 'NONE', *, *, #1438, .F. ) ;
#1050 = ADVANCED_FACE ( 'NONE', ( #413, #1237, #1846, #1091 ), #594, .F. ) ;
#1051 = DIRECTION ( 'NONE',  ( -0.000000000000000000, -0.000000000000000000, 1.000000000000000000 ) ) ;
#1052 = LINE ( 'NONE', #1680, #698 ) ;
#1053 = ORIENTED_EDGE ( 'NONE', *, *, #216, .T. ) ;
#1054 = LINE ( 'NONE', #1682, #591 ) ;
#1055 = CARTESIAN_POINT ( 'NONE',  ( -219.3499999999999943, 0.000000000000000000, -133.5500000000000114 ) ) ;
#1056 = CARTESIAN_POINT ( 'NONE',  ( -116.5000000000001847, -1.000000000000000888, -129.5999999999995111 ) ) ;
#1057 = VERTEX_POINT ( 'NONE', #1413 ) ;
#1058 = AXIS2_PLACEMENT_3D ( 'NONE', #383, #388, #1177 ) ;
#1059 = FACE_OUTER_BOUND ( 'NONE', #1147, .T. ) ;
#1060 = CARTESIAN_POINT ( 'NONE',  ( 219.3499999999999943, -1.499999999999998224, -133.5500000000000114 ) ) ;
#1061 = ORIENTED_EDGE ( 'NONE', *, *, #1266, .T. ) ;
#1062 = FACE_OUTER_BOUND ( 'NONE', #1996, .T. ) ;
#1063 = DIRECTION ( 'NONE',  ( -1.000000000000000000, 3.083952846180989294E-15, 1.220025301785886658E-16 ) ) ;
#1064 = CIRCLE ( 'NONE', #697, 1.249999999999997558 ) ;
#1065 = FACE_OUTER_BOUND ( 'NONE', #319, .T. ) ;
#1066 = EDGE_LOOP ( 'NONE', ( #1258, #40, #1053, #150 ) ) ;
#1067 = EDGE_CURVE ( 'NONE', #626, #197, #1704, .T. ) ;
#1068 = CIRCLE ( 'NONE', #873, 1.500000000000001332 ) ;
#1069 = VECTOR ( 'NONE', #784, 1000.000000000000000 ) ;
#1070 = EDGE_CURVE ( 'NONE', #820, #1757, #1052, .T. ) ;
#1071 = ORIENTED_EDGE ( 'NONE', *, *, #1584, .T. ) ;
#1072 = AXIS2_PLACEMENT_3D ( 'NONE', #1977, #574, #246 ) ;
#1073 = CARTESIAN_POINT ( 'NONE',  ( -120.4999999999998721, -1.000000000000000888, 129.5999999999995680 ) ) ;
#1074 = EDGE_LOOP ( 'NONE', ( #427, #511, #1232, #167 ) ) ;
#1075 = EDGE_CURVE ( 'NONE', #294, #1448, #1546, .T. ) ;
#1076 = DIRECTION ( 'NONE',  ( -1.000000000000000000, -0.000000000000000000, -0.000000000000000000 ) ) ;
#1077 = FACE_OUTER_BOUND ( 'NONE', #1705, .T. ) ;
#1078 = DIRECTION ( 'NONE',  ( 0.000000000000000000, 0.000000000000000000, -1.000000000000000000 ) ) ;
#1079 = VERTEX_POINT ( 'NONE', #2006 ) ;
#1080 = VERTEX_POINT ( 'NONE', #422 ) ;
#1081 = LINE ( 'NONE', #1060, #175 ) ;
#1082 = ORIENTED_EDGE ( 'NONE', *, *, #390, .F. ) ;
#1083 = LINE ( 'NONE', #289, #370 ) ;
#1084 = DIRECTION ( 'NONE',  ( -1.000000000000000000, 3.083952846180989294E-15, 1.220025301785886658E-16 ) ) ;
#1085 = CARTESIAN_POINT ( 'NONE',  ( -217.8499999999999943, -1.500000000000002887, 133.5500000000000114 ) ) ;
#1086 = EDGE_CURVE ( 'NONE', #1234, #1886, #1081, .T. ) ;
#1087 = CYLINDRICAL_SURFACE ( 'NONE', #1225, 1.750000000000001554 ) ;
#1088 = VERTEX_POINT ( 'NONE', #268 ) ;
#1089 = ORIENTED_EDGE ( 'NONE', *, *, #1482, .F. ) ;
#1090 = CIRCLE ( 'NONE', #200, 1.750000000000001554 ) ;
#1091 = FACE_OUTER_BOUND ( 'NONE', #1218, .T. ) ;
#1092 = VERTEX_POINT ( 'NONE', #129 ) ;
#1093 = FACE_BOUND ( 'NONE', #670, .T. ) ;
#1094 = DIRECTION ( 'NONE',  ( 0.000000000000000000, 1.000000000000000000, 0.000000000000000000 ) ) ;
#1095 = CARTESIAN_POINT ( 'NONE',  ( 99.00000000000007105, -10.00000000000000533, 129.5999999999995680 ) ) ;
#1096 = CARTESIAN_POINT ( 'NONE',  ( 219.3499999999999943, -5.750000000000494715, 90.05000000000126192 ) ) ;
#1097 = ORIENTED_EDGE ( 'NONE', *, *, #1067, .T. ) ;
#1098 = VECTOR ( 'NONE', #1443, 1000.000000000000000 ) ;
#1099 = VERTEX_POINT ( 'NONE', #908 ) ;
#1100 = ORIENTED_EDGE ( 'NONE', *, *, #1712, .T. ) ;
#1101 = VECTOR ( 'NONE', #931, 1000.000000000000000 ) ;
#1102 = VECTOR ( 'NONE', #1051, 1000.000000000000000 ) ;
#1103 = LINE ( 'NONE', #21, #539 ) ;
#1104 = ORIENTED_EDGE ( 'NONE', *, *, #261, .T. ) ;
#1105 = CIRCLE ( 'NONE', #344, 1.250000000000001110 ) ;
#1106 = LOCAL_TIME ( 21, 56, 50.00000000000000000, #814 ) ;
#1107 = SECURITY_CLASSIFICATION_LEVEL ( 'unclassified' ) ;
#1108 = DIRECTION ( 'NONE',  ( 0.000000000000000000, 0.000000000000000000, 1.000000000000000000 ) ) ;
#1109 = EDGE_CURVE ( 'NONE', #1643, #1755, #978, .T. ) ;
#1110 = DIRECTION ( 'NONE',  ( 0.000000000000000000, -1.000000000000000000, 0.000000000000000000 ) ) ;
#1111 = FACE_BOUND ( 'NONE', #899, .T. ) ;
#1112 = ORIENTED_EDGE ( 'NONE', *, *, #1202, .F. ) ;
#1113 = ORIENTED_EDGE ( 'NONE', *, *, #1808, .T. ) ;
#1114 = EDGE_LOOP ( 'NONE', ( #1089, #565, #747, #165 ) ) ;
#1115 = EDGE_CURVE ( 'NONE', #1908, #153, #112, .T. ) ;
#1116 = CARTESIAN_POINT ( 'NONE',  ( 219.3500000000000227, -7.000000000000001776, 130.5500000000000114 ) ) ;
#1117 = ORIENTED_EDGE ( 'NONE', *, *, #1006, .F. ) ;
#1118 = CARTESIAN_POINT ( 'NONE',  ( 219.3499999999999943, -5.750000000000494715, 90.05000000000126192 ) ) ;
#1119 = APPROVAL_ROLE ( '' ) ;
#1120 = CARTESIAN_POINT ( 'NONE',  ( 116.4999999999998153, 0.000000000000000000, -127.8499999999995254 ) ) ;
#1121 = LINE ( 'NONE', #897, #1370 ) ;
#1122 = ORIENTED_EDGE ( 'NONE', *, *, #1993, .F. ) ;
#1123 = CARTESIAN_POINT ( 'NONE',  ( 99.00000000000007105, 0.000000000000000000, 131.3499999999995680 ) ) ;
#1124 = ORIENTED_EDGE ( 'NONE', *, *, #694, .T. ) ;
#1125 = CYLINDRICAL_SURFACE ( 'NONE', #1859, 1.249999999999997558 ) ;
#1126 = ORIENTED_EDGE ( 'NONE', *, *, #733, .F. ) ;
#1127 = DIRECTION ( 'NONE',  ( 0.000000000000000000, -1.000000000000000000, 0.000000000000000000 ) ) ;
#1128 = LINE ( 'NONE', #490, #972 ) ;
#1129 = FACE_BOUND ( 'NONE', #995, .T. ) ;
#1130 = ORIENTED_EDGE ( 'NONE', *, *, #70, .T. ) ;
#1131 = LINE ( 'NONE', #42, #1552 ) ;
#1132 = VERTEX_POINT ( 'NONE', #750 ) ;
#1133 = AXIS2_PLACEMENT_3D ( 'NONE', #1190, #84, #1174 ) ;
#1134 = ADVANCED_FACE ( 'NONE', ( #1393 ), #1247, .F. ) ;
#1135 = CIRCLE ( 'NONE', #210, 1.750000000000001554 ) ;
#1136 = DIRECTION ( 'NONE',  ( 0.000000000000000000, 0.000000000000000000, 1.000000000000000000 ) ) ;
#1137 = ORIENTED_EDGE ( 'NONE', *, *, #1568, .F. ) ;
#1138 = VECTOR ( 'NONE', #510, 1000.000000000000000 ) ;
#1139 = APPROVAL ( #824, 'UNSPECIFIED' ) ;
#1140 = FACE_OUTER_BOUND ( 'NONE', #641, .T. ) ;
#1141 = PERSON_AND_ORGANIZATION_ROLE ( 'classification_officer' ) ;
#1142 = VECTOR ( 'NONE', #797, 1000.000000000000000 ) ;
#1143 = EDGE_CURVE ( 'NONE', #576, #1450, #962, .T. ) ;
#1144 = VECTOR ( 'NONE', #351, 1000.000000000000000 ) ;
#1145 = FACE_BOUND ( 'NONE', #1185, .T. ) ;
#1146 = DIRECTION ( 'NONE',  ( -1.000000000000000000, -3.083952846180988900E-15, 0.000000000000000000 ) ) ;
#1147 = EDGE_LOOP ( 'NONE', ( #1436, #982, #1621, #483 ) ) ;
#1148 = CIRCLE ( 'NONE', #1178, 1.249999999999997558 ) ;
#1149 = VERTEX_POINT ( 'NONE', #1459 ) ;
#1150 = ORIENTED_EDGE ( 'NONE', *, *, #1366, .T. ) ;
#1151 = CARTESIAN_POINT ( 'NONE',  ( 219.3499999999999659, -4.500000000000529354, -89.94999999999872387 ) ) ;
#1152 = ORIENTED_EDGE ( 'NONE', *, *, #885, .F. ) ;
#1153 = DIRECTION ( 'NONE',  ( 0.000000000000000000, 0.000000000000000000, 1.000000000000000000 ) ) ;
#1154 = DATE_AND_TIME ( #325, #1106 ) ;
#1155 = FACE_OUTER_BOUND ( 'NONE', #1410, .T. ) ;
#1156 = LINE ( 'NONE', #416, #1474 ) ;
#1157 = VERTEX_POINT ( 'NONE', #1624 ) ;
#1158 = DIRECTION ( 'NONE',  ( 1.000000000000000000, -8.818177669548760982E-15, 0.000000000000000000 ) ) ;
#1159 = EDGE_LOOP ( 'NONE', ( #1827, #1361, #244, #1402 ) ) ;
#1160 = ADVANCED_FACE ( 'NONE', ( #1602 ), #154, .F. ) ;
#1161 = DIRECTION ( 'NONE',  ( -1.000000000000000000, 3.083952846180988900E-15, 1.220025301785886658E-16 ) ) ;
#1162 = CARTESIAN_POINT ( 'NONE',  ( 0.000000000000000000, -1.000000000000000000, -131.3499999999995111 ) ) ;
#1163 = VECTOR ( 'NONE', #1833, 1000.000000000000000 ) ;
#1164 = LINE ( 'NONE', #1013, #1198 ) ;
#1165 = DIRECTION ( 'NONE',  ( -1.000000000000000000, -3.083952846180988900E-15, -0.000000000000000000 ) ) ;
#1166 = CARTESIAN_POINT ( 'NONE',  ( -113.5000000000001847, -1.000000000000000888, -131.3499999999995111 ) ) ;
#1167 = VERTEX_POINT ( 'NONE', #1613 ) ;
#1168 = EDGE_CURVE ( 'NONE', #1717, #1527, #1270, .T. ) ;
#1169 = CARTESIAN_POINT ( 'NONE',  ( 113.4999999999998153, -1.000000000000000888, -127.8499999999995254 ) ) ;
#1170 = AXIS2_PLACEMENT_3D ( 'NONE', #50, #1751, #967 ) ;
#1171 = DIRECTION ( 'NONE',  ( -1.000000000000000000, 0.000000000000000000, 0.000000000000000000 ) ) ;
#1172 = CIRCLE ( 'NONE', #1201, 1.249999999999997558 ) ;
#1173 = VECTOR ( 'NONE', #1895, 1000.000000000000000 ) ;
#1174 = DIRECTION ( 'NONE',  ( 0.000000000000000000, 1.000000000000000000, 0.000000000000000000 ) ) ;
#1175 = CARTESIAN_POINT ( 'NONE',  ( -116.5000000000001847, 0.000000000000000000, -131.3499999999995111 ) ) ;
#1176 = AXIS2_PLACEMENT_3D ( 'NONE', #1191, #262, #861 ) ;
#1177 = DIRECTION ( 'NONE',  ( 1.000000000000000000, 0.000000000000000000, 0.000000000000000000 ) ) ;
#1178 = AXIS2_PLACEMENT_3D ( 'NONE', #301, #947, #1572 ) ;
#1179 = ORIENTED_EDGE ( 'NONE', *, *, #1354, .T. ) ;
#1180 = PLANE ( 'NONE',  #840 ) ;
#1181 = EDGE_CURVE ( 'NONE', #1157, #1099, #1103, .T. ) ;
#1182 = CARTESIAN_POINT ( 'NONE',  ( 219.3499999999999659, -5.750000000000527578, -89.94999999999872387 ) ) ;
#1183 = CARTESIAN_POINT ( 'NONE',  ( -120.4999999999998721, 0.000000000000000000, 127.8499999999995680 ) ) ;
#1184 = CARTESIAN_POINT ( 'NONE',  ( 113.4999999999998153, -10.00000000000000533, -127.8499999999995254 ) ) ;
#1185 = EDGE_LOOP ( 'NONE', ( #646, #399 ) ) ;
#1186 = DIRECTION ( 'NONE',  ( 0.000000000000000000, 1.000000000000000000, 0.000000000000000000 ) ) ;
#1187 = EDGE_CURVE ( 'NONE', #288, #1445, #311, .T. ) ;
#1188 = DIRECTION ( 'NONE',  ( 3.083952846180988900E-15, 1.000000000000000000, 0.000000000000000000 ) ) ;
#1189 = ORIENTED_EDGE ( 'NONE', *, *, #855, .T. ) ;
#1190 = CARTESIAN_POINT ( 'NONE',  ( -218.3500000000000227, -5.749999999999137579, 0.05000000000132601846 ) ) ;
#1191 = CARTESIAN_POINT ( 'NONE',  ( 217.8499999999999943, -1.500000000000002887, 133.5500000000000114 ) ) ;
#1192 = CARTESIAN_POINT ( 'NONE',  ( 219.3499999999999659, -4.500000000000485834, 0.05000000000127283184 ) ) ;
#1193 = ORIENTED_EDGE ( 'NONE', *, *, #1593, .T. ) ;
#1194 = CARTESIAN_POINT ( 'NONE',  ( 219.3499999999999659, -5.750000000000487610, 0.05000000000127260980 ) ) ;
#1195 = ADVANCED_FACE ( 'NONE', ( #1778 ), #1736, .F. ) ;
#1196 = CARTESIAN_POINT ( 'NONE',  ( -20.00000000000019895, 0.000000000000000000, 129.5499999999991587 ) ) ;
#1197 = ORIENTED_EDGE ( 'NONE', *, *, #1067, .F. ) ;
#1198 = VECTOR ( 'NONE', #1275, 1000.000000000000000 ) ;
#1199 = CARTESIAN_POINT ( 'NONE',  ( -217.8499999999999943, -1.000000000000002442, -133.5500000000000114 ) ) ;
#1200 = CYLINDRICAL_SURFACE ( 'NONE', #214, 1.250000000000001110 ) ;
#1201 = AXIS2_PLACEMENT_3D ( 'NONE', #1557, #132, #766 ) ;
#1202 = EDGE_CURVE ( 'NONE', #1318, #759, #192, .T. ) ;
#1203 = EDGE_CURVE ( 'NONE', #1092, #2004, #1921, .T. ) ;
#1204 = AXIS2_PLACEMENT_3D ( 'NONE', #1194, #215, #251 ) ;
#1205 = DIRECTION ( 'NONE',  ( -1.000000000000000000, -0.000000000000000000, -0.000000000000000000 ) ) ;
#1206 = ORIENTED_EDGE ( 'NONE', *, *, #1446, .F. ) ;
#1207 = CARTESIAN_POINT ( 'NONE',  ( 218.3500000000000227, -10.00000000000000533, 130.5500000000000114 ) ) ;
#1208 = DIRECTION ( 'NONE',  ( 0.000000000000000000, 0.000000000000000000, -1.000000000000000000 ) ) ;
#1209 = VERTEX_POINT ( 'NONE', #1423 ) ;
#1210 = CYLINDRICAL_SURFACE ( 'NONE', #837, 1.750000000000001554 ) ;
#1211 = DIRECTION ( 'NONE',  ( 1.000000000000000000, 0.000000000000000000, 0.000000000000000000 ) ) ;
#1212 = DIRECTION ( 'NONE',  ( 0.000000000000000000, 0.000000000000000000, 1.000000000000000000 ) ) ;
#1213 = DIRECTION ( 'NONE',  ( -3.083952846180988900E-15, -1.000000000000000000, -0.000000000000000000 ) ) ;
#1214 = VERTEX_POINT ( 'NONE', #356 ) ;
#1215 = CYLINDRICAL_SURFACE ( 'NONE', #671, 1.249999999999997558 ) ;
#1216 = CC_DESIGN_DATE_AND_TIME_ASSIGNMENT ( #183, #1616, ( #1316 ) ) ;
#1217 = DIRECTION ( 'NONE',  ( -1.000000000000000000, -3.083952846180988900E-15, 0.000000000000000000 ) ) ;
#1218 = EDGE_LOOP ( 'NONE', ( #2010, #1737, #463, #461, #1731, #2041 ) ) ;
#1219 = EDGE_CURVE ( 'NONE', #2034, #10, #650, .T. ) ;
#1220 = CARTESIAN_POINT ( 'NONE',  ( -120.4999999999998721, -10.00000000000000533, 131.3499999999995680 ) ) ;
#1221 = LINE ( 'NONE', #444, #879 ) ;
#1222 = CARTESIAN_POINT ( 'NONE',  ( 218.3500000000000227, -7.000000000000005329, 133.5500000000000114 ) ) ;
#1223 = ORIENTED_EDGE ( 'NONE', *, *, #816, .T. ) ;
#1224 = CIRCLE ( 'NONE', #789, 3.000000000000000000 ) ;
#1225 = AXIS2_PLACEMENT_3D ( 'NONE', #1095, #148, #957 ) ;
#1226 = VERTEX_POINT ( 'NONE', #1293 ) ;
#1227 = EDGE_CURVE ( 'NONE', #395, #1511, #1012, .T. ) ;
#1228 = DIRECTION ( 'NONE',  ( -1.000000000000000000, 0.000000000000000000, -0.000000000000000000 ) ) ;
#1229 = EDGE_LOOP ( 'NONE', ( #1847, #1005, #87, #1460 ) ) ;
#1230 = CARTESIAN_POINT ( 'NONE',  ( 219.3499999999999659, -4.500000000000485834, 0.05000000000127276939 ) ) ;
#1231 = LINE ( 'NONE', #436, #866 ) ;
#1232 = ORIENTED_EDGE ( 'NONE', *, *, #1542, .F. ) ;
#1233 = AXIS2_PLACEMENT_3D ( 'NONE', #259, #2013, #773 ) ;
#1234 = VERTEX_POINT ( 'NONE', #1271 ) ;
#1235 = EDGE_LOOP ( 'NONE', ( #193, #1787, #1729, #1815 ) ) ;
#1236 = AXIS2_PLACEMENT_3D ( 'NONE', #1427, #768, #1693 ) ;
#1237 = FACE_BOUND ( 'NONE', #1386, .T. ) ;
#1238 = PRODUCT_DEFINITION_FORMATION_WITH_SPECIFIED_SOURCE ( 'ANY', '', #685, .NOT_KNOWN. ) ;
#1239 = ORIENTED_EDGE ( 'NONE', *, *, #49, .T. ) ;
#1240 = EDGE_CURVE ( 'NONE', #1765, #265, #401, .T. ) ;
#1241 = DIRECTION ( 'NONE',  ( 0.000000000000000000, 1.000000000000000000, 0.000000000000000000 ) ) ;
#1242 = CARTESIAN_POINT ( 'NONE',  ( 219.3499999999999943, -5.750000000000494715, 90.05000000000126192 ) ) ;
#1243 = DIRECTION ( 'NONE',  ( 0.000000000000000000, 0.000000000000000000, 1.000000000000000000 ) ) ;
#1244 = ORIENTED_EDGE ( 'NONE', *, *, #283, .T. ) ;
#1245 = ORIENTED_EDGE ( 'NONE', *, *, #397, .F. ) ;
#1246 = EDGE_CURVE ( 'NONE', #772, #460, #1903, .T. ) ;
#1247 = PLANE ( 'NONE',  #940 ) ;
#1248 = ORIENTED_EDGE ( 'NONE', *, *, #1568, .T. ) ;
#1249 = FACE_BOUND ( 'NONE', #1467, .T. ) ;
#1250 = DIRECTION ( 'NONE',  ( 0.000000000000000000, 0.000000000000000000, 1.000000000000000000 ) ) ;
#1251 = DIRECTION ( 'NONE',  ( -1.000000000000000000, 0.000000000000000000, -0.000000000000000000 ) ) ;
#1252 = DIRECTION ( 'NONE',  ( -1.000000000000000000, 0.000000000000000000, 0.000000000000000000 ) ) ;
#1253 = VERTEX_POINT ( 'NONE', #166 ) ;
#1254 = ORIENTED_EDGE ( 'NONE', *, *, #393, .F. ) ;
#1255 = EDGE_LOOP ( 'NONE', ( #616, #2014, #1523, #1896 ) ) ;
#1256 = CIRCLE ( 'NONE', #863, 1.749999999999973799 ) ;
#1257 = DIRECTION ( 'NONE',  ( 0.000000000000000000, -1.000000000000000000, 0.000000000000000000 ) ) ;
#1258 = ORIENTED_EDGE ( 'NONE', *, *, #1732, .F. ) ;
#1259 = EDGE_CURVE ( 'NONE', #626, #1157, #347, .T. ) ;
#1260 = AXIS2_PLACEMENT_3D ( 'NONE', #620, #469, #1110 ) ;
#1261 = COORDINATED_UNIVERSAL_TIME_OFFSET ( 12, 0, .AHEAD. ) ;
#1262 = CARTESIAN_POINT ( 'NONE',  ( 102.0000000000000711, 0.000000000000000000, 129.5999999999995680 ) ) ;
#1263 = CARTESIAN_POINT ( 'NONE',  ( -218.3500000000000227, -6.999999999999174882, -89.94999999999866702 ) ) ;
#1264 = DIRECTION ( 'NONE',  ( 0.000000000000000000, -1.000000000000000000, 0.000000000000000000 ) ) ;
#1265 = VERTEX_POINT ( 'NONE', #1306 ) ;
#1266 = EDGE_CURVE ( 'NONE', #298, #1265, #1933, .T. ) ;
#1267 = ORIENTED_EDGE ( 'NONE', *, *, #412, .T. ) ;
#1268 = EDGE_LOOP ( 'NONE', ( #915, #651, #1588, #1873 ) ) ;
#1269 = AXIS2_PLACEMENT_3D ( 'NONE', #1855, #2023, #605 ) ;
#1270 = CIRCLE ( 'NONE', #1997, 3.000000000000000000 ) ;
#1271 = CARTESIAN_POINT ( 'NONE',  ( 219.3499999999999943, -1.499999999999998224, 133.5500000000000114 ) ) ;
#1272 = ORIENTED_EDGE ( 'NONE', *, *, #1392, .F. ) ;
#1273 = CIRCLE ( 'NONE', #1733, 1.250000000000001110 ) ;
#1274 = CARTESIAN_POINT ( 'NONE',  ( -117.4999999999998721, 0.000000000000000000, 127.8499999999995680 ) ) ;
#1275 = DIRECTION ( 'NONE',  ( -0.000000000000000000, 1.000000000000000000, -0.000000000000000000 ) ) ;
#1276 = FACE_OUTER_BOUND ( 'NONE', #1277, .T. ) ;
#1277 = EDGE_LOOP ( 'NONE', ( #188, #1122, #307, #312 ) ) ;
#1278 = ORIENTED_EDGE ( 'NONE', *, *, #607, .F. ) ;
#1279 = EDGE_CURVE ( 'NONE', #329, #1643, #12, .T. ) ;
#1280 = ORIENTED_EDGE ( 'NONE', *, *, #926, .F. ) ;
#1281 = CARTESIAN_POINT ( 'NONE',  ( 113.4999999999998153, 0.000000000000000000, -131.3499999999995111 ) ) ;
#1282 = ORIENTED_EDGE ( 'NONE', *, *, #603, .T. ) ;
#1283 = CARTESIAN_POINT ( 'NONE',  ( 219.3500000000000227, -10.00000000000000178, -133.5500000000000114 ) ) ;
#1284 = CALENDAR_DATE ( 2026, 25, 7 ) ;
#1285 = ADVANCED_FACE ( 'NONE', ( #484 ), #1125, .F. ) ;
#1286 = DIRECTION ( 'NONE',  ( 1.000000000000000000, 3.083952846180988900E-15, 0.000000000000000000 ) ) ;
#1287 = DIRECTION ( 'NONE',  ( -0.000000000000000000, 1.000000000000000000, -0.000000000000000000 ) ) ;
#1288 = ORIENTED_EDGE ( 'NONE', *, *, #2011, .T. ) ;
#1289 = EDGE_CURVE ( 'NONE', #83, #1057, #704, .T. ) ;
#1290 = CARTESIAN_POINT ( 'NONE',  ( -0.5000000000001534328, -1.000000000000000888, -127.8499999999995254 ) ) ;
#1291 = VERTEX_POINT ( 'NONE', #1169 ) ;
#1292 = CC_DESIGN_PERSON_AND_ORGANIZATION_ASSIGNMENT ( #24, #617, ( #1238 ) ) ;
#1293 = CARTESIAN_POINT ( 'NONE',  ( 102.0000000000000711, -1.000000000000000000, 131.3499999999995680 ) ) ;
#1294 = ADVANCED_FACE ( 'NONE', ( #675 ), #1789, .F. ) ;
#1295 = EDGE_LOOP ( 'NONE', ( #987, #556, #1507, #1769 ) ) ;
#1296 = VECTOR ( 'NONE', #1205, 1000.000000000000000 ) ;
#1297 = CARTESIAN_POINT ( 'NONE',  ( -20.00000000000019895, 0.000000000000000000, 131.2999999999991303 ) ) ;
#1298 = DATE_TIME_ROLE ( 'classification_date' ) ;
#1299 = CARTESIAN_POINT ( 'NONE',  ( 102.0000000000000711, -10.00000000000000533, 127.8499999999995680 ) ) ;
#1300 = CARTESIAN_POINT ( 'NONE',  ( 113.4999999999998153, 0.000000000000000000, -131.3499999999995111 ) ) ;
#1301 = EDGE_LOOP ( 'NONE', ( #6, #1061, #203, #1432 ) ) ;
#1302 = CARTESIAN_POINT ( 'NONE',  ( 219.3500000000000227, -7.000000000000001776, -133.5500000000000114 ) ) ;
#1303 = ORIENTED_EDGE ( 'NONE', *, *, #1718, .F. ) ;
#1304 = VECTOR ( 'NONE', #515, 1000.000000000000000 ) ;
#1305 = AXIS2_PLACEMENT_3D ( 'NONE', #1914, #349, #1473 ) ;
#1306 = CARTESIAN_POINT ( 'NONE',  ( -219.3500000000000227, -4.499999999999176659, -89.94999999999866702 ) ) ;
#1307 = ORIENTED_EDGE ( 'NONE', *, *, #158, .F. ) ;
#1308 = VECTOR ( 'NONE', #474, 1000.000000000000000 ) ;
#1309 = DIRECTION ( 'NONE',  ( -1.000000000000000000, 3.083952846180989294E-15, 1.220025301785886658E-16 ) ) ;
#1310 = ADVANCED_FACE ( 'NONE', ( #1981 ), #1042, .T. ) ;
#1311 = CIRCLE ( 'NONE', #1698, 1.250000000000001110 ) ;
#1312 = APPROVAL_PERSON_ORGANIZATION ( #1924, #852, #15 ) ;
#1313 = DIRECTION ( 'NONE',  ( 0.000000000000000000, 1.000000000000000000, 0.000000000000000000 ) ) ;
#1314 = DIRECTION ( 'NONE',  ( 1.000000000000000000, 0.000000000000000000, 0.000000000000000000 ) ) ;
#1315 = EDGE_LOOP ( 'NONE', ( #916, #373, #882, #1796, #635, #113 ) ) ;
#1316 = PRODUCT_DEFINITION ( 'UNKNOWN', '', #1238, #849 ) ;
#1317 = CARTESIAN_POINT ( 'NONE',  ( 217.8499999999999943, -1.500000000000002887, -133.5500000000000114 ) ) ;
#1318 = VERTEX_POINT ( 'NONE', #1659 ) ;
#1319 = EDGE_CURVE ( 'NONE', #1079, #1234, #856, .T. ) ;
#1320 = CARTESIAN_POINT ( 'NONE',  ( -120.4999999999998721, -10.00000000000000533, 129.5999999999995680 ) ) ;
#1321 = ORIENTED_EDGE ( 'NONE', *, *, #1938, .F. ) ;
#1322 = DIRECTION ( 'NONE',  ( 0.000000000000000000, 1.000000000000000000, 0.000000000000000000 ) ) ;
#1323 = CARTESIAN_POINT ( 'NONE',  ( -116.5000000000001847, -10.00000000000000533, -127.8499999999995254 ) ) ;
#1324 = CARTESIAN_POINT ( 'NONE',  ( -120.4999999999998721, -10.00000000000000533, 127.8499999999995680 ) ) ;
#1325 = DIRECTION ( 'NONE',  ( -0.000000000000000000, 0.000000000000000000, -1.000000000000000000 ) ) ;
#1326 = ORIENTED_EDGE ( 'NONE', *, *, #790, .T. ) ;
#1327 = DIRECTION ( 'NONE',  ( -0.000000000000000000, 1.000000000000000000, -0.000000000000000000 ) ) ;
#1328 = CARTESIAN_POINT ( 'NONE',  ( -219.3499999999999943, -4.499999999999143796, 90.05000000000131877 ) ) ;
#1329 = CIRCLE ( 'NONE', #1985, 1.500000000000001332 ) ;
#1330 = CARTESIAN_POINT ( 'NONE',  ( 219.3499999999999943, -4.500000000000496492, 90.05000000000126192 ) ) ;
#1331 = FACE_OUTER_BOUND ( 'NONE', #586, .T. ) ;
#1332 = DIRECTION ( 'NONE',  ( 0.000000000000000000, 1.000000000000000000, 0.000000000000000000 ) ) ;
#1333 = VERTEX_POINT ( 'NONE', #711 ) ;
#1334 = EDGE_CURVE ( 'NONE', #822, #1226, #557, .T. ) ;
#1335 = CARTESIAN_POINT ( 'NONE',  ( 219.3499999999999659, -4.500000000000529354, -89.94999999999872387 ) ) ;
#1336 = VECTOR ( 'NONE', #655, 1000.000000000000000 ) ;
#1337 = DIRECTION ( 'NONE',  ( 0.000000000000000000, 0.000000000000000000, -1.000000000000000000 ) ) ;
#1338 = CIRCLE ( 'NONE', #905, 1.249999999999997558 ) ;
#1339 = VECTOR ( 'NONE', #811, 1000.000000000000000 ) ;
#1340 = LINE ( 'NONE', #95, #208 ) ;
#1341 = DIRECTION ( 'NONE',  ( -1.000000000000000000, -0.000000000000000000, -0.000000000000000000 ) ) ;
#1342 = CIRCLE ( 'NONE', #303, 1.249999999999997558 ) ;
#1343 = DIRECTION ( 'NONE',  ( -1.000000000000000000, -3.491481338843133355E-15, 0.000000000000000000 ) ) ;
#1344 = SECURITY_CLASSIFICATION ( '', '', #1107 ) ;
#1345 = ORIENTED_EDGE ( 'NONE', *, *, #361, .T. ) ;
#1346 = DIRECTION ( 'NONE',  ( 0.000000000000000000, -1.000000000000000000, 0.000000000000000000 ) ) ;
#1347 = PLANE ( 'NONE',  #566 ) ;
#1348 = EDGE_LOOP ( 'NONE', ( #1734, #309, #295, #624 ) ) ;
#1349 = FACE_OUTER_BOUND ( 'NONE', #1074, .T. ) ;
#1350 = CARTESIAN_POINT ( 'NONE',  ( 116.4999999999998153, 0.000000000000000000, -127.8499999999995254 ) ) ;
#1351 = EDGE_LOOP ( 'NONE', ( #1457, #1551, #1544, #1478 ) ) ;
#1352 = EDGE_CURVE ( 'NONE', #10, #1318, #1965, .T. ) ;
#1353 = DIRECTION ( 'NONE',  ( 0.000000000000000000, 0.000000000000000000, 1.000000000000000000 ) ) ;
#1354 = EDGE_CURVE ( 'NONE', #174, #764, #366, .T. ) ;
#1355 = FACE_OUTER_BOUND ( 'NONE', #472, .T. ) ;
#1356 = EDGE_LOOP ( 'NONE', ( #1126, #13, #718, #748 ) ) ;
#1357 = ADVANCED_FACE ( 'NONE', ( #1972 ), #520, .F. ) ;
#1358 = DIRECTION ( 'NONE',  ( -1.000000000000000000, 3.491481338843133355E-15, 1.039145474190524715E-16 ) ) ;
#1359 = LINE ( 'NONE', #1055, #569 ) ;
#1360 = CARTESIAN_POINT ( 'NONE',  ( -218.3500000000000512, -10.00000000000000533, -133.5500000000000114 ) ) ;
#1361 = ORIENTED_EDGE ( 'NONE', *, *, #304, .T. ) ;
#1362 = CIRCLE ( 'NONE', #454, 1.750000000000001554 ) ;
#1363 = DIRECTION ( 'NONE',  ( 0.000000000000000000, 1.000000000000000000, 0.000000000000000000 ) ) ;
#1364 = DIRECTION ( 'NONE',  ( 0.000000000000000000, -1.000000000000000000, 0.000000000000000000 ) ) ;
#1365 = ORIENTED_EDGE ( 'NONE', *, *, #2042, .F. ) ;
#1366 = EDGE_CURVE ( 'NONE', #30, #332, #1601, .T. ) ;
#1367 = CARTESIAN_POINT ( 'NONE',  ( 218.3500000000000227, -7.000000000000004441, -133.5500000000000114 ) ) ;
#1368 = CYLINDRICAL_SURFACE ( 'NONE', #1017, 1.750000000000001554 ) ;
#1369 = DIRECTION ( 'NONE',  ( -0.000000000000000000, 1.000000000000000000, -0.000000000000000000 ) ) ;
#1370 = VECTOR ( 'NONE', #778, 1000.000000000000000 ) ;
#1371 = CARTESIAN_POINT ( 'NONE',  ( -218.3500000000000227, -4.499999999999180211, -89.94999999999866702 ) ) ;
#1372 = EDGE_LOOP ( 'NONE', ( #1326, #1596, #2049, #1901 ) ) ;
#1373 = VECTOR ( 'NONE', #452, 1000.000000000000000 ) ;
#1374 = EDGE_CURVE ( 'NONE', #30, #277, #81, .T. ) ;
#1375 = FACE_OUTER_BOUND ( 'NONE', #832, .T. ) ;
#1376 = PLANE ( 'NONE',  #1893 ) ;
#1377 = ORIENTED_EDGE ( 'NONE', *, *, #1911, .T. ) ;
#1378 = EDGE_CURVE ( 'NONE', #676, #1701, #1470, .T. ) ;
#1379 = FACE_OUTER_BOUND ( 'NONE', #236, .T. ) ;
#1380 = CARTESIAN_POINT ( 'NONE',  ( -219.3499999999999943, -6.999999999999138467, 90.05000000000131877 ) ) ;
#1381 = LINE ( 'NONE', #398, #1163 ) ;
#1382 = EDGE_CURVE ( 'NONE', #145, #1149, #1799, .T. ) ;
#1383 = ORIENTED_EDGE ( 'NONE', *, *, #1584, .F. ) ;
#1384 = ORIENTED_EDGE ( 'NONE', *, *, #834, .F. ) ;
#1385 = FACE_OUTER_BOUND ( 'NONE', #2024, .T. ) ;
#1386 = EDGE_LOOP ( 'NONE', ( #582, #1248 ) ) ;
#1387 = CARTESIAN_POINT ( 'NONE',  ( -20.00000000000019895, -1.000000000000000000, 131.2999999999991303 ) ) ;
#1388 = DIRECTION ( 'NONE',  ( 0.000000000000000000, 0.000000000000000000, -1.000000000000000000 ) ) ;
#1389 = ORIENTED_EDGE ( 'NONE', *, *, #304, .F. ) ;
#1390 = VECTOR ( 'NONE', #1951, 1000.000000000000000 ) ;
#1391 = ORIENTED_EDGE ( 'NONE', *, *, #1556, .F. ) ;
#1392 = EDGE_CURVE ( 'NONE', #1291, #780, #1509, .T. ) ;
#1393 = FACE_OUTER_BOUND ( 'NONE', #1295, .T. ) ;
#1394 = ORIENTED_EDGE ( 'NONE', *, *, #1817, .F. ) ;
#1395 = DIRECTION ( 'NONE',  ( 0.000000000000000000, 1.000000000000000000, 0.000000000000000000 ) ) ;
#1396 = CARTESIAN_POINT ( 'NONE',  ( -3.500000000000153211, -10.00000000000000533, -127.8499999999995254 ) ) ;
#1397 = ADVANCED_FACE ( 'NONE', ( #846 ), #72, .T. ) ;
#1398 = LINE ( 'NONE', #284, #1720 ) ;
#1399 = ORIENTED_EDGE ( 'NONE', *, *, #993, .F. ) ;
#1400 = VECTOR ( 'NONE', #1636, 1000.000000000000000 ) ;
#1401 = EDGE_CURVE ( 'NONE', #1167, #1908, #1533, .T. ) ;
#1402 = ORIENTED_EDGE ( 'NONE', *, *, #911, .T. ) ;
#1403 = AXIS2_PLACEMENT_3D ( 'NONE', #1242, #157, #1541 ) ;
#1404 = DIRECTION ( 'NONE',  ( 0.000000000000000000, 0.000000000000000000, -1.000000000000000000 ) ) ;
#1405 = ORIENTED_EDGE ( 'NONE', *, *, #1109, .F. ) ;
#1406 = PLANE ( 'NONE',  #346 ) ;
#1407 = DIRECTION ( 'NONE',  ( -0.000000000000000000, 1.000000000000000000, -0.000000000000000000 ) ) ;
#1408 = DIRECTION ( 'NONE',  ( -1.000000000000000000, 3.083952846180989294E-15, 1.220025301785886658E-16 ) ) ;
#1409 = DIRECTION ( 'NONE',  ( -1.000000000000000000, 3.083952846180989294E-15, 1.220025301785886658E-16 ) ) ;
#1410 = EDGE_LOOP ( 'NONE', ( #1745, #1930, #1545, #828 ) ) ;
#1411 = ORIENTED_EDGE ( 'NONE', *, *, #836, .F. ) ;
#1412 = EDGE_CURVE ( 'NONE', #780, #1092, #375, .T. ) ;
#1413 = CARTESIAN_POINT ( 'NONE',  ( 102.0000000000000711, 0.000000000000000000, 131.3499999999995680 ) ) ;
#1414 = ORIENTED_EDGE ( 'NONE', *, *, #1939, .F. ) ;
#1415 = APPROVAL_DATE_TIME ( #1154, #1139 ) ;
#1416 = CYLINDRICAL_SURFACE ( 'NONE', #907, 0.5000000000000004441 ) ;
#1417 = ADVANCED_FACE ( 'NONE', ( #692 ), #1180, .F. ) ;
#1418 = DIRECTION ( 'NONE',  ( 0.000000000000000000, 1.000000000000000000, 0.000000000000000000 ) ) ;
#1419 = DIRECTION ( 'NONE',  ( -1.000000000000000000, 3.083952846180988900E-15, 1.039145474190524592E-16 ) ) ;
#1420 = EDGE_LOOP ( 'NONE', ( #473, #1100, #308, #757 ) ) ;
#1421 = ORIENTED_EDGE ( 'NONE', *, *, #1497, .F. ) ;
#1422 = ORIENTED_EDGE ( 'NONE', *, *, #688, .T. ) ;
#1423 = CARTESIAN_POINT ( 'NONE',  ( 102.0000000000000711, -1.000000000000000888, 127.8499999999995680 ) ) ;
#1424 = ORIENTED_EDGE ( 'NONE', *, *, #688, .F. ) ;
#1425 = CIRCLE ( 'NONE', #1660, 3.000000000000000000 ) ;
#1426 = DIRECTION ( 'NONE',  ( -0.000000000000000000, -1.000000000000000000, -0.000000000000000000 ) ) ;
#1427 = CARTESIAN_POINT ( 'NONE',  ( 218.3500000000000227, -5.750000000000484057, 0.05000000000127273470 ) ) ;
#1428 = CYLINDRICAL_SURFACE ( 'NONE', #1961, 0.5000000000000004441 ) ;
#1429 = LINE ( 'NONE', #1881, #213 ) ;
#1430 = ORIENTED_EDGE ( 'NONE', *, *, #1035, .F. ) ;
#1431 = ORIENTED_EDGE ( 'NONE', *, *, #550, .F. ) ;
#1432 = ORIENTED_EDGE ( 'NONE', *, *, #1797, .F. ) ;
#1433 = AXIS2_PLACEMENT_3D ( 'NONE', #1645, #706, #1955 ) ;
#1434 = VECTOR ( 'NONE', #306, 1000.000000000000000 ) ;
#1435 = DIRECTION ( 'NONE',  ( -1.000000000000000000, 3.083952846180989294E-15, 1.220025301785886658E-16 ) ) ;
#1436 = ORIENTED_EDGE ( 'NONE', *, *, #498, .T. ) ;
#1437 = VECTOR ( 'NONE', #1341, 1000.000000000000000 ) ;
#1438 = EDGE_CURVE ( 'NONE', #197, #1099, #888, .T. ) ;
#1439 = AXIS2_PLACEMENT_3D ( 'NONE', #1870, #290, #1848 ) ;
#1440 = CARTESIAN_POINT ( 'NONE',  ( -0.5000000000001529887, 0.000000000000000000, -129.5999999999995111 ) ) ;
#1441 = COORDINATED_UNIVERSAL_TIME_OFFSET ( 12, 0, .AHEAD. ) ;
#1442 = ADVANCED_FACE ( 'NONE', ( #1059 ), #1835, .F. ) ;
#1443 = DIRECTION ( 'NONE',  ( 1.000000000000000000, -0.000000000000000000, -0.000000000000000000 ) ) ;
#1444 = CARTESIAN_POINT ( 'NONE',  ( -217.8499999999999943, -1.500000000000002887, 133.5500000000000114 ) ) ;
#1445 = VERTEX_POINT ( 'NONE', #470 ) ;
#1446 = EDGE_CURVE ( 'NONE', #348, #998, #1429, .T. ) ;
#1447 = DIRECTION ( 'NONE',  ( -1.000000000000000000, 0.000000000000000000, 0.000000000000000000 ) ) ;
#1448 = VERTEX_POINT ( 'NONE', #479 ) ;
#1449 = CARTESIAN_POINT ( 'NONE',  ( -0.5000000000001525446, -10.00000000000000533, -131.3499999999995111 ) ) ;
#1450 = VERTEX_POINT ( 'NONE', #2005 ) ;
#1451 = CARTESIAN_POINT ( 'NONE',  ( -218.3500000000000227, -10.00000000000000533, 133.5500000000000114 ) ) ;
#1452 = PERSON_AND_ORGANIZATION ( #1699, #77 ) ;
#1453 = DIRECTION ( 'NONE',  ( -1.000000000000000000, 0.000000000000000000, 0.000000000000000000 ) ) ;
#1454 = DIRECTION ( 'NONE',  ( 1.000000000000000000, 0.000000000000000000, -0.000000000000000000 ) ) ;
#1455 = VERTEX_POINT ( 'NONE', #577 ) ;
#1456 = LINE ( 'NONE', #1959, #654 ) ;
#1457 = ORIENTED_EDGE ( 'NONE', *, *, #1632, .F. ) ;
#1458 = EDGE_CURVE ( 'NONE', #1132, #614, #1121, .T. ) ;
#1459 = CARTESIAN_POINT ( 'NONE',  ( -116.5000000000001847, -1.000000000000000888, -131.3499999999995111 ) ) ;
#1460 = ORIENTED_EDGE ( 'NONE', *, *, #755, .T. ) ;
#1461 = CYLINDRICAL_SURFACE ( 'NONE', #41, 1.749999999999973799 ) ;
#1462 = CYLINDRICAL_SURFACE ( 'NONE', #1170, 1.500000000000001332 ) ;
#1463 = FACE_BOUND ( 'NONE', #104, .T. ) ;
#1464 = ORIENTED_EDGE ( 'NONE', *, *, #184, .F. ) ;
#1465 = ADVANCED_FACE ( 'NONE', ( #1907, #1111, #1679, #634, #1752, #457, #1276 ), #139, .F. ) ;
#1466 = PLANE ( 'NONE',  #1654 ) ;
#1467 = EDGE_LOOP ( 'NONE', ( #389, #1674, #419, #1278 ) ) ;
#1468 = VECTOR ( 'NONE', #1358, 1000.000000000000000 ) ;
#1469 = VECTOR ( 'NONE', #241, 1000.000000000000000 ) ;
#1470 = LINE ( 'NONE', #1495, #302 ) ;
#1471 = ORIENTED_EDGE ( 'NONE', *, *, #1885, .F. ) ;
#1472 = AXIS2_PLACEMENT_3D ( 'NONE', #1644, #1186, #1034 ) ;
#1473 = DIRECTION ( 'NONE',  ( 0.000000000000000000, -1.000000000000000000, 0.000000000000000000 ) ) ;
#1474 = VECTOR ( 'NONE', #2000, 1000.000000000000000 ) ;
#1475 = DIRECTION ( 'NONE',  ( -1.000000000000000000, 3.035766082959409654E-15, 0.000000000000000000 ) ) ;
#1476 = DIRECTION ( 'NONE',  ( 0.000000000000000000, 0.000000000000000000, 1.000000000000000000 ) ) ;
#1477 = DIRECTION ( 'NONE',  ( 0.000000000000000000, 1.000000000000000000, 0.000000000000000000 ) ) ;
#1478 = ORIENTED_EDGE ( 'NONE', *, *, #1401, .F. ) ;
#1479 = ADVANCED_FACE ( 'NONE', ( #568 ), #1516, .F. ) ;
#1480 = CARTESIAN_POINT ( 'NONE',  ( 219.3500000000000227, -7.000000000000001776, 130.5500000000000114 ) ) ;
#1481 = CARTESIAN_POINT ( 'NONE',  ( 218.3499999999999943, -0.9999999999999995559, -133.5500000000000114 ) ) ;
#1482 = EDGE_CURVE ( 'NONE', #1711, #521, #731, .T. ) ;
#1483 = LINE ( 'NONE', #724, #1892 ) ;
#1484 = CARTESIAN_POINT ( 'NONE',  ( 218.3500000000000227, -5.750000000000524025, -89.94999999999872387 ) ) ;
#1485 = DIRECTION ( 'NONE',  ( -1.000000000000000000, 0.000000000000000000, 0.000000000000000000 ) ) ;
#1486 = ORIENTED_EDGE ( 'NONE', *, *, #1374, .T. ) ;
#1487 = DIRECTION ( 'NONE',  ( -1.000000000000000000, 0.000000000000000000, 0.000000000000000000 ) ) ;
#1488 = PRODUCT_DEFINITION_SHAPE ( 'NONE', 'NONE',  #1316 ) ;
#1489 = DIRECTION ( 'NONE',  ( -1.000000000000000000, 3.083952846180989294E-15, 1.220025301785886658E-16 ) ) ;
#1490 = VECTOR ( 'NONE', #176, 1000.000000000000000 ) ;
#1491 = CARTESIAN_POINT ( 'NONE',  ( 99.00000000000007105, 0.000000000000000000, 129.5999999999995680 ) ) ;
#1492 = CARTESIAN_POINT ( 'NONE',  ( 218.3500000000000227, -4.500000000000492939, 90.05000000000126192 ) ) ;
#1493 = DIRECTION ( 'NONE',  ( -0.000000000000000000, 1.000000000000000000, -0.000000000000000000 ) ) ;
#1494 = ORIENTED_EDGE ( 'NONE', *, *, #1378, .F. ) ;
#1495 = CARTESIAN_POINT ( 'NONE',  ( 219.3499999999999943, -4.500000000000496492, 90.05000000000126192 ) ) ;
#1496 = LINE ( 'NONE', #404, #1469 ) ;
#1497 = EDGE_CURVE ( 'NONE', #414, #153, #1991, .T. ) ;
#1498 = ORIENTED_EDGE ( 'NONE', *, *, #1824, .F. ) ;
#1499 = CIRCLE ( 'NONE', #267, 1.249999999999997558 ) ;
#1500 = VECTOR ( 'NONE', #1964, 1000.000000000000000 ) ;
#1501 = DIRECTION ( 'NONE',  ( 1.000000000000000000, 0.000000000000000000, 0.000000000000000000 ) ) ;
#1502 = EDGE_CURVE ( 'NONE', #1527, #363, #1728, .T. ) ;
#1503 = CARTESIAN_POINT ( 'NONE',  ( -120.4999999999998721, -10.00000000000000533, 131.3499999999995680 ) ) ;
#1504 = CC_DESIGN_DATE_AND_TIME_ASSIGNMENT ( #488, #1298, ( #1344 ) ) ;
#1505 = DIRECTION ( 'NONE',  ( 0.000000000000000000, 1.000000000000000000, 0.000000000000000000 ) ) ;
#1506 = LOCAL_TIME ( 21, 56, 50.00000000000000000, #775 ) ;
#1507 = ORIENTED_EDGE ( 'NONE', *, *, #1808, .F. ) ;
#1508 = EDGE_CURVE ( 'NONE', #460, #1167, #160, .T. ) ;
#1509 = LINE ( 'NONE', #1007, #1400 ) ;
#1510 = DIRECTION ( 'NONE',  ( -1.000000000000000000, -3.083952846180988900E-15, -0.000000000000000000 ) ) ;
#1511 = VERTEX_POINT ( 'NONE', #2048 ) ;
#1512 = DIRECTION ( 'NONE',  ( 0.000000000000000000, 0.000000000000000000, 1.000000000000000000 ) ) ;
#1513 = DIRECTION ( 'NONE',  ( -1.000000000000000000, 3.083952846180988900E-15, 1.220025301785886658E-16 ) ) ;
#1514 = CARTESIAN_POINT ( 'NONE',  ( 113.4999999999998153, -10.00000000000000533, -131.3499999999995111 ) ) ;
#1515 = VERTEX_POINT ( 'NONE', #1207 ) ;
#1516 = CYLINDRICAL_SURFACE ( 'NONE', #631, 1.249999999999997558 ) ;
#1517 = ADVANCED_FACE ( 'NONE', ( #949 ), #100, .F. ) ;
#1518 = DIRECTION ( 'NONE',  ( -1.000000000000000000, 3.083952846180988900E-15, 1.220025301785886658E-16 ) ) ;
#1519 = ORIENTED_EDGE ( 'NONE', *, *, #1508, .T. ) ;
#1520 = DIRECTION ( 'NONE',  ( 0.000000000000000000, -1.000000000000000000, 0.000000000000000000 ) ) ;
#1521 = DIRECTION ( 'NONE',  ( 0.000000000000000000, -1.000000000000000000, 0.000000000000000000 ) ) ;
#1522 = LINE ( 'NONE', #1360, #529 ) ;
#1523 = ORIENTED_EDGE ( 'NONE', *, *, #939, .F. ) ;
#1524 = AXIS2_PLACEMENT_3D ( 'NONE', #2018, #426, #1741 ) ;
#1525 = CARTESIAN_POINT ( 'NONE',  ( -17.00000000000019540, 0.000000000000000000, 131.2999999999991303 ) ) ;
#1526 = DIRECTION ( 'NONE',  ( 1.000000000000000000, 0.000000000000000000, 0.000000000000000000 ) ) ;
#1527 = VERTEX_POINT ( 'NONE', #1742 ) ;
#1528 = VECTOR ( 'NONE', #339, 1000.000000000000000 ) ;
#1529 = ADVANCED_FACE ( 'NONE', ( #1375 ), #1215, .F. ) ;
#1530 = DIRECTION ( 'NONE',  ( -0.000000000000000000, 0.000000000000000000, 1.000000000000000000 ) ) ;
#1531 = FACE_OUTER_BOUND ( 'NONE', #1944, .T. ) ;
#1532 = AXIS2_PLACEMENT_3D ( 'NONE', #713, #1489, #1791 ) ;
#1533 = CIRCLE ( 'NONE', #1472, 1.749999999999973799 ) ;
#1534 = DIRECTION ( 'NONE',  ( 0.000000000000000000, -1.000000000000000000, 0.000000000000000000 ) ) ;
#1535 = ORIENTED_EDGE ( 'NONE', *, *, #90, .T. ) ;
#1536 = AXIS2_PLACEMENT_3D ( 'NONE', #1583, #274, #1871 ) ;
#1537 = AXIS2_PLACEMENT_3D ( 'NONE', #1220, #1530, #123 ) ;
#1538 = CARTESIAN_POINT ( 'NONE',  ( 113.4999999999998153, 0.000000000000000000, -129.5999999999995111 ) ) ;
#1539 = ORIENTED_EDGE ( 'NONE', *, *, #1187, .F. ) ;
#1540 = CARTESIAN_POINT ( 'NONE',  ( 219.3499999999999943, -0.9999999999999965583, -133.5500000000000114 ) ) ;
#1541 = DIRECTION ( 'NONE',  ( 0.000000000000000000, -1.000000000000000000, 0.000000000000000000 ) ) ;
#1542 = EDGE_CURVE ( 'NONE', #1092, #329, #612, .T. ) ;
#1543 = DIRECTION ( 'NONE',  ( -1.000000000000000000, 3.083952846180989294E-15, 1.220025301785886658E-16 ) ) ;
#1544 = ORIENTED_EDGE ( 'NONE', *, *, #836, .T. ) ;
#1545 = ORIENTED_EDGE ( 'NONE', *, *, #1086, .T. ) ;
#1546 = LINE ( 'NONE', #1554, #432 ) ;
#1547 = ORIENTED_EDGE ( 'NONE', *, *, #1279, .T. ) ;
#1548 = FACE_BOUND ( 'NONE', #613, .T. ) ;
#1549 = DIRECTION ( 'NONE',  ( 1.000000000000000000, 0.000000000000000000, -0.000000000000000000 ) ) ;
#1550 = DIRECTION ( 'NONE',  ( -3.083952846180988900E-15, 1.000000000000000000, 0.000000000000000000 ) ) ;
#1551 = ORIENTED_EDGE ( 'NONE', *, *, #1010, .F. ) ;
#1552 = VECTOR ( 'NONE', #672, 1000.000000000000000 ) ;
#1553 = ORIENTED_EDGE ( 'NONE', *, *, #498, .F. ) ;
#1554 = CARTESIAN_POINT ( 'NONE',  ( 0.000000000000000000, -1.000000000000000000, -127.8499999999995254 ) ) ;
#1555 = ORIENTED_EDGE ( 'NONE', *, *, #283, .F. ) ;
#1556 = EDGE_CURVE ( 'NONE', #1157, #1132, #468, .T. ) ;
#1557 = CARTESIAN_POINT ( 'NONE',  ( 219.3499999999999943, -5.750000000000494715, 90.05000000000126192 ) ) ;
#1558 = APPLICATION_PROTOCOL_DEFINITION ( 'international standard', 'config_control_design', 1994, #162 ) ;
#1559 = DIRECTION ( 'NONE',  ( 3.083952846180988900E-15, -1.000000000000000000, -0.000000000000000000 ) ) ;
#1560 = AXIS2_PLACEMENT_3D ( 'NONE', #1607, #37, #815 ) ;
#1561 = CARTESIAN_POINT ( 'NONE',  ( 0.000000000000000000, -1.000000000000000000, 127.8499999999995680 ) ) ;
#1562 = DIRECTION ( 'NONE',  ( 0.000000000000000000, 1.000000000000000000, 0.000000000000000000 ) ) ;
#1563 = ORIENTED_EDGE ( 'NONE', *, *, #712, .F. ) ;
#1564 = ORIENTED_EDGE ( 'NONE', *, *, #1035, .T. ) ;
#1565 = AXIS2_PLACEMENT_3D ( 'NONE', #502, #38, #1454 ) ;
#1566 = EDGE_CURVE ( 'NONE', #126, #363, #1784, .T. ) ;
#1567 = AXIS2_PLACEMENT_3D ( 'NONE', #1540, #573, #1211 ) ;
#1568 = EDGE_CURVE ( 'NONE', #260, #1913, #1311, .T. ) ;
#1569 = CARTESIAN_POINT ( 'NONE',  ( -116.5000000000001847, -10.00000000000000533, -131.3499999999995111 ) ) ;
#1570 = ORIENTED_EDGE ( 'NONE', *, *, #1115, .T. ) ;
#1571 = CALENDAR_DATE ( 2026, 25, 7 ) ;
#1572 = DIRECTION ( 'NONE',  ( 0.000000000000000000, -1.000000000000000000, 0.000000000000000000 ) ) ;
#1573 = DIRECTION ( 'NONE',  ( -1.000000000000000000, 3.491481338843133355E-15, 0.000000000000000000 ) ) ;
#1574 = DIRECTION ( 'NONE',  ( -1.039145474190524715E-16, 3.204675642725961885E-31, -1.000000000000000000 ) ) ;
#1575 = ORIENTED_EDGE ( 'NONE', *, *, #250, .T. ) ;
#1576 = ORIENTED_EDGE ( 'NONE', *, *, #1542, .T. ) ;
#1577 = VERTEX_POINT ( 'NONE', #669 ) ;
#1578 = DIRECTION ( 'NONE',  ( 0.000000000000000000, 1.000000000000000000, 0.000000000000000000 ) ) ;
#1579 = ORIENTED_EDGE ( 'NONE', *, *, #485, .T. ) ;
#1580 = ADVANCED_FACE ( 'NONE', ( #1774 ), #362, .T. ) ;
#1581 = FACE_OUTER_BOUND ( 'NONE', #269, .T. ) ;
#1582 = PERSON_AND_ORGANIZATION_ROLE ( 'design_supplier' ) ;
#1583 = CARTESIAN_POINT ( 'NONE',  ( -3.500000000000153211, -1.000000000000000888, -129.5999999999995111 ) ) ;
#1584 = EDGE_CURVE ( 'NONE', #277, #710, #1342, .T. ) ;
#1585 = CARTESIAN_POINT ( 'NONE',  ( 219.3499999999999659, -7.000000000000524913, -89.94999999999872387 ) ) ;
#1586 = CARTESIAN_POINT ( 'NONE',  ( 116.4999999999998153, -10.00000000000000533, -131.3499999999995111 ) ) ;
#1587 = ORIENTED_EDGE ( 'NONE', *, *, #1744, .F. ) ;
#1588 = ORIENTED_EDGE ( 'NONE', *, *, #88, .T. ) ;
#1589 = ORIENTED_EDGE ( 'NONE', *, *, #1672, .F. ) ;
#1590 = CARTESIAN_POINT ( 'NONE',  ( 99.00000000000007105, -10.00000000000000533, 127.8499999999995680 ) ) ;
#1591 = ORIENTED_EDGE ( 'NONE', *, *, #1438, .T. ) ;
#1592 = CARTESIAN_POINT ( 'NONE',  ( 218.3500000000000227, -7.000000000000484945, 0.05000000000127273470 ) ) ;
#1593 = EDGE_CURVE ( 'NONE', #1577, #1214, #645, .T. ) ;
#1594 = DIRECTION ( 'NONE',  ( -0.000000000000000000, 1.000000000000000000, -0.000000000000000000 ) ) ;
#1595 = CARTESIAN_POINT ( 'NONE',  ( -0.5000000000001529887, -10.00000000000000533, -129.5999999999995111 ) ) ;
#1596 = ORIENTED_EDGE ( 'NONE', *, *, #1950, .T. ) ;
#1597 = VECTOR ( 'NONE', #407, 1000.000000000000000 ) ;
#1598 = CARTESIAN_POINT ( 'NONE',  ( 219.3499999999999943, 6.799565381486429701E-13, 133.5500000000000114 ) ) ;
#1599 = ORIENTED_EDGE ( 'NONE', *, *, #421, .F. ) ;
#1600 = VECTOR ( 'NONE', #279, 1000.000000000000000 ) ;
#1601 = CIRCLE ( 'NONE', #701, 1.249999999999997558 ) ;
#1602 = FACE_OUTER_BOUND ( 'NONE', #1229, .T. ) ;
#1603 = EDGE_LOOP ( 'NONE', ( #2044, #2007, #1037, #974 ) ) ;
#1604 = CIRCLE ( 'NONE', #1176, 0.5000000000000004441 ) ;
#1605 = CYLINDRICAL_SURFACE ( 'NONE', #1661, 1.750000000000001554 ) ;
#1606 = CALENDAR_DATE ( 2026, 25, 7 ) ;
#1607 = CARTESIAN_POINT ( 'NONE',  ( 217.8499999999999943, -1.500000000000002887, 133.5500000000000114 ) ) ;
#1608 = DIRECTION ( 'NONE',  ( 1.000000000000000000, 3.491481338843133355E-15, -0.000000000000000000 ) ) ;
#1609 = ORIENTED_EDGE ( 'NONE', *, *, #721, .T. ) ;
#1610 = EDGE_CURVE ( 'NONE', #1934, #395, #680, .T. ) ;
#1611 = ORIENTED_EDGE ( 'NONE', *, *, #1319, .F. ) ;
#1612 = VERTEX_POINT ( 'NONE', #1175 ) ;
#1613 = CARTESIAN_POINT ( 'NONE',  ( -20.00000000000019895, -1.000000000000000000, 127.7999999999991871 ) ) ;
#1614 = ORIENTED_EDGE ( 'NONE', *, *, #540, .F. ) ;
#1615 = CARTESIAN_POINT ( 'NONE',  ( -116.5000000000001847, -10.00000000000000533, -129.5999999999995111 ) ) ;
#1616 = DATE_TIME_ROLE ( 'creation_date' ) ;
#1617 = ADVANCED_FACE ( 'NONE', ( #805 ), #26, .F. ) ;
#1618 = PLANE ( 'NONE',  #870 ) ;
#1619 = ADVANCED_FACE ( 'NONE', ( #1331 ), #968, .F. ) ;
#1620 = DIRECTION ( 'NONE',  ( 0.000000000000000000, 0.000000000000000000, 1.000000000000000000 ) ) ;
#1621 = ORIENTED_EDGE ( 'NONE', *, *, #790, .F. ) ;
#1622 = DIRECTION ( 'NONE',  ( -0.000000000000000000, 1.000000000000000000, -0.000000000000000000 ) ) ;
#1623 = EDGE_LOOP ( 'NONE', ( #1494, #865, #1267, #1663 ) ) ;
#1624 = CARTESIAN_POINT ( 'NONE',  ( -217.8499999999999943, -1.000000000000002442, 133.5500000000000114 ) ) ;
#1625 = ORIENTED_EDGE ( 'NONE', *, *, #1670, .F. ) ;
#1626 = VECTOR ( 'NONE', #1649, 1000.000000000000000 ) ;
#1627 = LINE ( 'NONE', #1758, #237 ) ;
#1628 = AXIS2_PLACEMENT_3D ( 'NONE', #1727, #1388, #1251 ) ;
#1629 = CARTESIAN_POINT ( 'NONE',  ( -219.3499999999999943, 6.799565381486429701E-13, 2.279365597636915530E-14 ) ) ;
#1630 = DIRECTION ( 'NONE',  ( 0.000000000000000000, -1.000000000000000000, 0.000000000000000000 ) ) ;
#1631 = EDGE_LOOP ( 'NONE', ( #1909, #1927, #1464, #482 ) ) ;
#1632 = EDGE_CURVE ( 'NONE', #751, #1167, #207, .T. ) ;
#1633 = FACE_OUTER_BOUND ( 'NONE', #835, .T. ) ;
#1634 = ORIENTED_EDGE ( 'NONE', *, *, #808, .T. ) ;
#1635 = VECTOR ( 'NONE', #1721, 1000.000000000000000 ) ;
#1636 = DIRECTION ( 'NONE',  ( 1.000000000000000000, 0.000000000000000000, 0.000000000000000000 ) ) ;
#1637 = ADVANCED_FACE ( 'NONE', ( #1949 ), #991, .F. ) ;
#1638 = CARTESIAN_POINT ( 'NONE',  ( 102.0000000000000711, -10.00000000000000533, 129.5999999999995680 ) ) ;
#1639 = AXIS2_PLACEMENT_3D ( 'NONE', #328, #1476, #817 ) ;
#1640 = LINE ( 'NONE', #1120, #1098 ) ;
#1641 = DIRECTION ( 'NONE',  ( 1.039145474190524592E-16, 2.189528850507526673E-46, 1.000000000000000000 ) ) ;
#1642 = DIRECTION ( 'NONE',  ( -1.000000000000000000, -3.491481338843133355E-15, 0.000000000000000000 ) ) ;
#1643 = VERTEX_POINT ( 'NONE', #1300 ) ;
#1644 = CARTESIAN_POINT ( 'NONE',  ( -20.00000000000019895, -1.000000000000000000, 129.5499999999991587 ) ) ;
#1645 = CARTESIAN_POINT ( 'NONE',  ( -217.8499999999999943, -1.500000000000002887, -133.5500000000000114 ) ) ;
#1646 = ADVANCED_FACE ( 'NONE', ( #340 ), #525, .T. ) ;
#1647 = DIRECTION ( 'NONE',  ( -0.000000000000000000, 1.000000000000000000, -0.000000000000000000 ) ) ;
#1648 = CARTESIAN_POINT ( 'NONE',  ( -219.3500000000000512, -7.000000000000001776, -133.5500000000000114 ) ) ;
#1649 = DIRECTION ( 'NONE',  ( -1.000000000000000000, -3.491481338843133355E-15, 0.000000000000000000 ) ) ;
#1650 = ORIENTED_EDGE ( 'NONE', *, *, #1446, .T. ) ;
#1651 = DIRECTION ( 'NONE',  ( -1.000000000000000000, 3.083952846180989294E-15, 1.220025301785886658E-16 ) ) ;
#1652 = ADVANCED_FACE ( 'NONE', ( #1926, #1463, #1129, #1761 ), #827, .T. ) ;
#1653 = FACE_BOUND ( 'NONE', #1868, .T. ) ;
#1654 = AXIS2_PLACEMENT_3D ( 'NONE', #1317, #1325, #1447 ) ;
#1655 = LINE ( 'NONE', #234, #45 ) ;
#1656 = EDGE_CURVE ( 'NONE', #1080, #614, #1941, .T. ) ;
#1657 = DIRECTION ( 'NONE',  ( 1.000000000000000000, 3.083952846180988900E-15, -0.000000000000000000 ) ) ;
#1658 = ORIENTED_EDGE ( 'NONE', *, *, #739, .F. ) ;
#1659 = CARTESIAN_POINT ( 'NONE',  ( -0.5000000000001525446, -1.000000000000000888, -131.3499999999995111 ) ) ;
#1660 = AXIS2_PLACEMENT_3D ( 'NONE', #138, #2038, #611 ) ;
#1661 = AXIS2_PLACEMENT_3D ( 'NONE', #1615, #194, #1153 ) ;
#1662 = LINE ( 'NONE', #1162, #1963 ) ;
#1663 = ORIENTED_EDGE ( 'NONE', *, *, #1824, .T. ) ;
#1664 = CIRCLE ( 'NONE', #843, 1.500000000000001332 ) ;
#1665 = LINE ( 'NONE', #715, #101 ) ;
#1666 = CYLINDRICAL_SURFACE ( 'NONE', #403, 1.750000000000001554 ) ;
#1667 = VECTOR ( 'NONE', #608, 1000.000000000000000 ) ;
#1668 = DIRECTION ( 'NONE',  ( -0.000000000000000000, 1.000000000000000000, -0.000000000000000000 ) ) ;
#1669 = EDGE_LOOP ( 'NONE', ( #1589, #1422, #1719, #446 ) ) ;
#1670 = EDGE_CURVE ( 'NONE', #710, #277, #1931, .T. ) ;
#1671 = DIRECTION ( 'NONE',  ( 1.000000000000000000, -0.000000000000000000, 0.000000000000000000 ) ) ;
#1672 = EDGE_CURVE ( 'NONE', #1834, #614, #1156, .T. ) ;
#1673 = LINE ( 'NONE', #1481, #1994 ) ;
#1674 = ORIENTED_EDGE ( 'NONE', *, *, #1950, .F. ) ;
#1675 = DIRECTION ( 'NONE',  ( 1.000000000000000000, 0.000000000000000000, 0.000000000000000000 ) ) ;
#1676 = CARTESIAN_POINT ( 'NONE',  ( -218.3499999999999659, -1.500000000000001332, 133.5500000000000114 ) ) ;
#1677 = LINE ( 'NONE', #110, #619 ) ;
#1678 = VERTEX_POINT ( 'NONE', #85 ) ;
#1679 = FACE_BOUND ( 'NONE', #1159, .T. ) ;
#1680 = CARTESIAN_POINT ( 'NONE',  ( 219.3499999999999943, -7.000000000000492051, 90.05000000000126192 ) ) ;
#1681 = ORIENTED_EDGE ( 'NONE', *, *, #733, .T. ) ;
#1682 = CARTESIAN_POINT ( 'NONE',  ( -219.3499999999999659, -1.000000000000000000, 133.5500000000000114 ) ) ;
#1683 =( NAMED_UNIT ( * ) PLANE_ANGLE_UNIT ( ) SI_UNIT ( $, .RADIAN. ) );
#1684 = CARTESIAN_POINT ( 'NONE',  ( 219.3499999999999659, -5.750000000000487610, 0.05000000000127260980 ) ) ;
#1685 = AXIS2_PLACEMENT_3D ( 'NONE', #1056, #1970, #875 ) ;
#1686 = CARTESIAN_POINT ( 'NONE',  ( -3.500000000000153211, 0.000000000000000000, -129.5999999999995111 ) ) ;
#1687 = ORIENTED_EDGE ( 'NONE', *, *, #152, .F. ) ;
#1688 = DIRECTION ( 'NONE',  ( -0.000000000000000000, -0.000000000000000000, -1.000000000000000000 ) ) ;
#1689 = ORIENTED_EDGE ( 'NONE', *, *, #55, .F. ) ;
#1690 = EDGE_CURVE ( 'NONE', #954, #1445, #1024, .T. ) ;
#1691 = PLANE ( 'NONE',  #1008 ) ;
#1692 = CARTESIAN_POINT ( 'NONE',  ( 0.000000000000000000, 0.000000000000000000, 0.000000000000000000 ) ) ;
#1693 = DIRECTION ( 'NONE',  ( 0.000000000000000000, -1.000000000000000000, 0.000000000000000000 ) ) ;
#1694 = CIRCLE ( 'NONE', #372, 1.750000000000001554 ) ;
#1695 = AXIS2_PLACEMENT_3D ( 'NONE', #1888, #627, #462 ) ;
#1696 = FACE_OUTER_BOUND ( 'NONE', #1749, .T. ) ;
#1697 = ORIENTED_EDGE ( 'NONE', *, *, #1203, .T. ) ;
#1698 = AXIS2_PLACEMENT_3D ( 'NONE', #981, #17, #842 ) ;
#1699 = PERSON ( 'UNSPECIFIED', 'UNSPECIFIED', 'UNSPECIFIED', ('UNSPECIFIED'), ('UNSPECIFIED'), ('UNSPECIFIED') ) ;
#1700 = CC_DESIGN_SECURITY_CLASSIFICATION ( #1344, ( #1238 ) ) ;
#1701 = VERTEX_POINT ( 'NONE', #1492 ) ;
#1702 = ORIENTED_EDGE ( 'NONE', *, *, #1788, .F. ) ;
#1703 = ADVANCED_BREP_SHAPE_REPRESENTATION ( '19in_Dual_SBS-Lid', ( #859, #705 ), #1902 ) ;
#1704 = LINE ( 'NONE', #297, #1600 ) ;
#1705 = EDGE_LOOP ( 'NONE', ( #278, #22, #1082, #1272 ) ) ;
#1706 = CARTESIAN_POINT ( 'NONE',  ( 116.4999999999998153, -10.00000000000000533, -127.8499999999995254 ) ) ;
#1707 = FACE_OUTER_BOUND ( 'NONE', #355, .T. ) ;
#1708 = ORIENTED_EDGE ( 'NONE', *, *, #361, .F. ) ;
#1709 = ORIENTED_EDGE ( 'NONE', *, *, #661, .T. ) ;
#1710 = CARTESIAN_POINT ( 'NONE',  ( -3.500000000000153211, 0.000000000000000000, -131.3499999999995111 ) ) ;
#1711 = VERTEX_POINT ( 'NONE', #1648 ) ;
#1712 = EDGE_CURVE ( 'NONE', #180, #1333, #1039, .T. ) ;
#1713 = DIRECTION ( 'NONE',  ( 0.000000000000000000, 0.000000000000000000, 1.000000000000000000 ) ) ;
#1714 = DIRECTION ( 'NONE',  ( -0.000000000000000000, 1.000000000000000000, -0.000000000000000000 ) ) ;
#1715 = ADVANCED_FACE ( 'NONE', ( #1804 ), #108, .F. ) ;
#1716 = CARTESIAN_POINT ( 'NONE',  ( -219.3499999999999659, -0.9999999999999965583, 133.5500000000000114 ) ) ;
#1717 = VERTEX_POINT ( 'NONE', #1969 ) ;
#1718 = EDGE_CURVE ( 'NONE', #80, #197, #1359, .T. ) ;
#1719 = ORIENTED_EDGE ( 'NONE', *, *, #1980, .T. ) ;
#1720 = VECTOR ( 'NONE', #1550, 1000.000000000000000 ) ;
#1721 = DIRECTION ( 'NONE',  ( -1.000000000000000000, -0.000000000000000000, -0.000000000000000000 ) ) ;
#1722 = VERTEX_POINT ( 'NONE', #545 ) ;
#1723 = CARTESIAN_POINT ( 'NONE',  ( 113.4999999999998153, -1.000000000000000000, -131.3499999999995111 ) ) ;
#1724 = DIRECTION ( 'NONE',  ( 0.000000000000000000, 0.000000000000000000, 1.000000000000000000 ) ) ;
#1725 = CIRCLE ( 'NONE', #593, 3.000000000000000000 ) ;
#1726 = CIRCLE ( 'NONE', #1825, 1.750000000000001554 ) ;
#1727 = CARTESIAN_POINT ( 'NONE',  ( -20.00000000000019895, 0.000000000000000000, 127.7999999999991871 ) ) ;
#1728 = LINE ( 'NONE', #1845, #1173 ) ;
#1729 = ORIENTED_EDGE ( 'NONE', *, *, #862, .T. ) ;
#1730 = AXIS2_PLACEMENT_3D ( 'NONE', #880, #222, #64 ) ;
#1731 = ORIENTED_EDGE ( 'NONE', *, *, #57, .T. ) ;
#1732 = EDGE_CURVE ( 'NONE', #1079, #174, #1604, .T. ) ;
#1733 = AXIS2_PLACEMENT_3D ( 'NONE', #884, #1513, #1521 ) ;
#1734 = ORIENTED_EDGE ( 'NONE', *, *, #1219, .T. ) ;
#1735 = AXIS2_PLACEMENT_3D ( 'NONE', #2037, #609, #1250 ) ;
#1736 = PLANE ( 'NONE',  #762 ) ;
#1737 = ORIENTED_EDGE ( 'NONE', *, *, #512, .T. ) ;
#1738 = CC_DESIGN_PERSON_AND_ORGANIZATION_ASSIGNMENT ( #977, #2045, ( #685 ) ) ;
#1739 = FACE_OUTER_BOUND ( 'NONE', #779, .T. ) ;
#1740 = CARTESIAN_POINT ( 'NONE',  ( -219.3500000000000227, -7.000000000000001776, 133.5500000000000114 ) ) ;
#1741 = DIRECTION ( 'NONE',  ( 0.000000000000000000, -1.000000000000000000, 0.000000000000000000 ) ) ;
#1742 = CARTESIAN_POINT ( 'NONE',  ( 219.3500000000000227, -10.00000000000000178, 130.5500000000000114 ) ) ;
#1743 = ORIENTED_EDGE ( 'NONE', *, *, #243, .T. ) ;
#1744 = EDGE_CURVE ( 'NONE', #1913, #260, #1105, .T. ) ;
#1745 = ORIENTED_EDGE ( 'NONE', *, *, #250, .F. ) ;
#1746 = ORIENTED_EDGE ( 'NONE', *, *, #1973, .T. ) ;
#1747 = DIRECTION ( 'NONE',  ( 1.000000000000000000, 3.083952846180988900E-15, 0.000000000000000000 ) ) ;
#1748 = ADVANCED_FACE ( 'NONE', ( #1531 ), #1666, .F. ) ;
#1749 = EDGE_LOOP ( 'NONE', ( #1576, #1547, #517, #76 ) ) ;
#1750 = CARTESIAN_POINT ( 'NONE',  ( -120.4999999999998721, -1.000000000000000888, 127.8499999999995680 ) ) ;
#1751 = DIRECTION ( 'NONE',  ( 0.000000000000000000, 0.000000000000000000, -1.000000000000000000 ) ) ;
#1752 = FACE_BOUND ( 'NONE', #1348, .T. ) ;
#1753 = EDGE_LOOP ( 'NONE', ( #1960, #1777, #1785, #1882, #938, #1702 ) ) ;
#1754 = DIRECTION ( 'NONE',  ( 0.000000000000000000, 1.000000000000000000, 0.000000000000000000 ) ) ;
#1755 = VERTEX_POINT ( 'NONE', #716 ) ;
#1756 = CARTESIAN_POINT ( 'NONE',  ( 219.3499999999999659, -5.750000000000527578, -89.94999999999872387 ) ) ;
#1757 = VERTEX_POINT ( 'NONE', #1380 ) ;
#1758 = CARTESIAN_POINT ( 'NONE',  ( -219.3500000000000227, -10.00000000000000178, -130.5500000000000114 ) ) ;
#1759 = ADVANCED_FACE ( 'NONE', ( #1349 ), #1987, .F. ) ;
#1760 = DIRECTION ( 'NONE',  ( 1.000000000000000000, 3.491481338843133355E-15, -0.000000000000000000 ) ) ;
#1761 = FACE_OUTER_BOUND ( 'NONE', #503, .T. ) ;
#1762 = ORIENTED_EDGE ( 'NONE', *, *, #528, .F. ) ;
#1763 = CIRCLE ( 'NONE', #563, 1.750000000000001554 ) ;
#1764 = CARTESIAN_POINT ( 'NONE',  ( 219.3499999999999659, -7.000000000000524913, -89.94999999999872387 ) ) ;
#1765 = VERTEX_POINT ( 'NONE', #1183 ) ;
#1766 = AXIS2_PLACEMENT_3D ( 'NONE', #1118, #1309, #1127 ) ;
#1767 = VECTOR ( 'NONE', #953, 1000.000000000000000 ) ;
#1768 = CARTESIAN_POINT ( 'NONE',  ( -17.00000000000019540, 0.000000000000000000, 127.7999999999991871 ) ) ;
#1769 = ORIENTED_EDGE ( 'NONE', *, *, #1075, .F. ) ;
#1770 = VECTOR ( 'NONE', #708, 1000.000000000000000 ) ;
#1771 = DIRECTION ( 'NONE',  ( 1.039145474190524592E-16, 4.379057701015053347E-47, 1.000000000000000000 ) ) ;
#1772 = APPROVAL_DATE_TIME ( #787, #852 ) ;
#1773 = FACE_BOUND ( 'NONE', #507, .T. ) ;
#1774 = FACE_OUTER_BOUND ( 'NONE', #910, .T. ) ;
#1775 = ORIENTED_EDGE ( 'NONE', *, *, #1566, .T. ) ;
#1776 = DIRECTION ( 'NONE',  ( -0.000000000000000000, 1.000000000000000000, -0.000000000000000000 ) ) ;
#1777 = ORIENTED_EDGE ( 'NONE', *, *, #421, .T. ) ;
#1778 = FACE_OUTER_BOUND ( 'NONE', #1041, .T. ) ;
#1779 = ORIENTED_EDGE ( 'NONE', *, *, #926, .T. ) ;
#1780 = CARTESIAN_POINT ( 'NONE',  ( -218.3499999999999943, -6.999999999999142020, 90.05000000000131877 ) ) ;
#1781 = APPROVAL_ROLE ( '' ) ;
#1782 = ADVANCED_FACE ( 'NONE', ( #67 ), #1200, .F. ) ;
#1783 = CARTESIAN_POINT ( 'NONE',  ( 0.000000000000000000, -1.000000000000000000, 127.8499999999995680 ) ) ;
#1784 = LINE ( 'NONE', #173, #177 ) ;
#1785 = ORIENTED_EDGE ( 'NONE', *, *, #816, .F. ) ;
#1786 = DIRECTION ( 'NONE',  ( 0.000000000000000000, -1.000000000000000000, 0.000000000000000000 ) ) ;
#1787 = ORIENTED_EDGE ( 'NONE', *, *, #1378, .T. ) ;
#1788 = EDGE_CURVE ( 'NONE', #1132, #1722, #382, .T. ) ;
#1789 = CYLINDRICAL_SURFACE ( 'NONE', #596, 1.750000000000001554 ) ;
#1790 = VECTOR ( 'NONE', #709, 1000.000000000000000 ) ;
#1791 = DIRECTION ( 'NONE',  ( 0.000000000000000000, -1.000000000000000000, 0.000000000000000000 ) ) ;
#1792 = VECTOR ( 'NONE', #1408, 1000.000000000000000 ) ;
#1793 = DIRECTION ( 'NONE',  ( 0.000000000000000000, 0.000000000000000000, 1.000000000000000000 ) ) ;
#1794 = DIRECTION ( 'NONE',  ( 1.000000000000000000, -0.000000000000000000, -0.000000000000000000 ) ) ;
#1795 = CARTESIAN_POINT ( 'NONE',  ( 218.3500000000000227, -10.00000000000000533, -130.5500000000000114 ) ) ;
#1796 = ORIENTED_EDGE ( 'NONE', *, *, #1656, .F. ) ;
#1797 = EDGE_CURVE ( 'NONE', #334, #1975, #396, .T. ) ;
#1798 = AXIS2_PLACEMENT_3D ( 'NONE', #898, #1217, #578 ) ;
#1799 = LINE ( 'NONE', #542, #135 ) ;
#1800 = AXIS2_PLACEMENT_3D ( 'NONE', #257, #1419, #1363 ) ;
#1801 = CARTESIAN_POINT ( 'NONE',  ( -218.3499999999999943, -4.499999999999147349, 90.05000000000131877 ) ) ;
#1802 = VECTOR ( 'NONE', #51, 1000.000000000000000 ) ;
#1803 = CARTESIAN_POINT ( 'NONE',  ( -120.4999999999998721, 0.000000000000000000, 131.3499999999995680 ) ) ;
#1804 = FACE_OUTER_BOUND ( 'NONE', #1856, .T. ) ;
#1805 = CARTESIAN_POINT ( 'NONE',  ( -219.3500000000000227, -6.999999999999135802, 0.05000000000132613642 ) ) ;
#1806 = ORIENTED_EDGE ( 'NONE', *, *, #1259, .T. ) ;
#1807 = CARTESIAN_POINT ( 'NONE',  ( 217.8499999999999943, -1.500000000000002887, 133.5500000000000114 ) ) ;
#1808 = EDGE_CURVE ( 'NONE', #1448, #395, #1655, .T. ) ;
#1809 = CARTESIAN_POINT ( 'NONE',  ( 218.3500000000000227, -4.500000000000483169, 0.05000000000127283184 ) ) ;
#1810 = DIRECTION ( 'NONE',  ( -1.000000000000000000, 0.000000000000000000, -0.000000000000000000 ) ) ;
#1811 = CARTESIAN_POINT ( 'NONE',  ( 219.3500000000000227, -10.00000000000000178, 130.5500000000000114 ) ) ;
#1812 = ORIENTED_EDGE ( 'NONE', *, *, #93, .T. ) ;
#1813 = DIRECTION ( 'NONE',  ( 1.000000000000000000, 3.083952846180988900E-15, -0.000000000000000000 ) ) ;
#1814 = DIRECTION ( 'NONE',  ( 1.000000000000000000, 0.000000000000000000, -0.000000000000000000 ) ) ;
#1815 = ORIENTED_EDGE ( 'NONE', *, *, #412, .F. ) ;
#1816 = VECTOR ( 'NONE', #1493, 1000.000000000000000 ) ;
#1817 = EDGE_CURVE ( 'NONE', #2012, #265, #554, .T. ) ;
#1818 = CARTESIAN_POINT ( 'NONE',  ( -117.4999999999998721, -1.000000000000000000, 131.3499999999995680 ) ) ;
#1819 = CARTESIAN_POINT ( 'NONE',  ( 116.4999999999998153, -10.00000000000000533, -129.5999999999995111 ) ) ;
#1820 = DIRECTION ( 'NONE',  ( 0.000000000000000000, 0.000000000000000000, 1.000000000000000000 ) ) ;
#1821 = ORIENTED_EDGE ( 'NONE', *, *, #170, .T. ) ;
#1822 = DIRECTION ( 'NONE',  ( 0.000000000000000000, -1.000000000000000000, 0.000000000000000000 ) ) ;
#1823 = CIRCLE ( 'NONE', #296, 1.250000000000001110 ) ;
#1824 = EDGE_CURVE ( 'NONE', #647, #1701, #506, .T. ) ;
#1825 = AXIS2_PLACEMENT_3D ( 'NONE', #1036, #1966, #1995 ) ;
#1826 = CARTESIAN_POINT ( 'NONE',  ( -218.3500000000000227, -7.000000000000004441, 133.5500000000000114 ) ) ;
#1827 = ORIENTED_EDGE ( 'NONE', *, *, #417, .T. ) ;
#1828 = VECTOR ( 'NONE', #867, 1000.000000000000000 ) ;
#1829 = EDGE_CURVE ( 'NONE', #1884, #164, #1273, .T. ) ;
#1830 = AXIS2_PLACEMENT_3D ( 'NONE', #1716, #1574, #411 ) ;
#1831 = DIRECTION ( 'NONE',  ( 0.000000000000000000, -1.000000000000000000, 0.000000000000000000 ) ) ;
#1832 = DIRECTION ( 'NONE',  ( 0.000000000000000000, -1.000000000000000000, 0.000000000000000000 ) ) ;
#1833 = DIRECTION ( 'NONE',  ( -0.000000000000000000, -0.000000000000000000, -1.000000000000000000 ) ) ;
#1834 = VERTEX_POINT ( 'NONE', #1740 ) ;
#1835 = PLANE ( 'NONE',  #7 ) ;
#1836 = DIRECTION ( 'NONE',  ( 0.000000000000000000, 1.000000000000000000, 0.000000000000000000 ) ) ;
#1837 = ORIENTED_EDGE ( 'NONE', *, *, #90, .F. ) ;
#1838 = DIRECTION ( 'NONE',  ( 0.000000000000000000, 0.000000000000000000, 1.000000000000000000 ) ) ;
#1839 = EDGE_CURVE ( 'NONE', #785, #1884, #466, .T. ) ;
#1840 = CARTESIAN_POINT ( 'NONE',  ( -120.4999999999998721, -1.000000000000000888, 131.3499999999995680 ) ) ;
#1841 = DIRECTION ( 'NONE',  ( 1.000000000000000000, -0.000000000000000000, -0.000000000000000000 ) ) ;
#1842 = LINE ( 'NONE', #575, #1296 ) ;
#1843 = EDGE_LOOP ( 'NONE', ( #43, #155, #1553, #1389 ) ) ;
#1844 = ADVANCED_FACE ( 'NONE', ( #315 ), #425, .F. ) ;
#1845 = CARTESIAN_POINT ( 'NONE',  ( 219.3500000000000227, -10.00000000000000178, 0.000000000000000000 ) ) ;
#1846 = FACE_BOUND ( 'NONE', #782, .T. ) ;
#1847 = ORIENTED_EDGE ( 'NONE', *, *, #1839, .F. ) ;
#1848 = DIRECTION ( 'NONE',  ( 0.000000000000000000, 0.000000000000000000, 1.000000000000000000 ) ) ;
#1849 = DIRECTION ( 'NONE',  ( -0.000000000000000000, -0.000000000000000000, 1.000000000000000000 ) ) ;
#1850 = AXIS2_PLACEMENT_3D ( 'NONE', #1929, #809, #658 ) ;
#1851 = AXIS2_PLACEMENT_3D ( 'NONE', #581, #455, #1573 ) ;
#1852 = CARTESIAN_POINT ( 'NONE',  ( -116.5000000000001847, 0.000000000000000000, -129.5999999999995111 ) ) ;
#1853 = ORIENTED_EDGE ( 'NONE', *, *, #456, .F. ) ;
#1854 = ADVANCED_FACE ( 'NONE', ( #913 ), #2, .F. ) ;
#1855 = CARTESIAN_POINT ( 'NONE',  ( -17.00000000000019540, -1.000000000000000000, 129.5499999999991587 ) ) ;
#1856 = EDGE_LOOP ( 'NONE', ( #1579, #1979, #1539, #660 ) ) ;
#1857 = LINE ( 'NONE', #434, #1373 ) ;
#1858 = AXIS2_PLACEMENT_3D ( 'NONE', #1196, #381, #1337 ) ;
#1859 = AXIS2_PLACEMENT_3D ( 'NONE', #1756, #1651, #1346 ) ;
#1860 = PLANE ( 'NONE',  #1851 ) ;
#1861 = ORIENTED_EDGE ( 'NONE', *, *, #610, .F. ) ;
#1862 = AXIS2_PLACEMENT_3D ( 'NONE', #696, #738, #1810 ) ;
#1863 = VECTOR ( 'NONE', #1084, 1000.000000000000000 ) ;
#1864 = ORIENTED_EDGE ( 'NONE', *, *, #33, .F. ) ;
#1865 = EDGE_CURVE ( 'NONE', #806, #952, #979, .T. ) ;
#1866 = EDGE_LOOP ( 'NONE', ( #1117, #951, #971, #691 ) ) ;
#1867 = CARTESIAN_POINT ( 'NONE',  ( -3.500000000000153211, -10.00000000000000533, -131.3499999999995111 ) ) ;
#1868 = EDGE_LOOP ( 'NONE', ( #2020, #919 ) ) ;
#1869 = EDGE_CURVE ( 'NONE', #348, #2034, #377, .T. ) ;
#1870 = CARTESIAN_POINT ( 'NONE',  ( -117.4999999999998721, 0.000000000000000000, 129.5999999999995680 ) ) ;
#1871 = DIRECTION ( 'NONE',  ( 0.000000000000000000, 0.000000000000000000, 1.000000000000000000 ) ) ;
#1872 = LINE ( 'NONE', #445, #1792 ) ;
#1873 = ORIENTED_EDGE ( 'NONE', *, *, #1732, .T. ) ;
#1874 = EDGE_LOOP ( 'NONE', ( #62, #1391, #54, #121 ) ) ;
#1875 = CARTESIAN_POINT ( 'NONE',  ( -116.5000000000001847, 0.000000000000000000, -131.3499999999995111 ) ) ;
#1876 = ORIENTED_EDGE ( 'NONE', *, *, #1869, .F. ) ;
#1877 = FACE_BOUND ( 'NONE', #1356, .T. ) ;
#1878 = DIRECTION ( 'NONE',  ( 0.000000000000000000, 1.000000000000000000, 0.000000000000000000 ) ) ;
#1879 = EDGE_CURVE ( 'NONE', #1253, #80, #1221, .T. ) ;
#1880 = FACE_OUTER_BOUND ( 'NONE', #384, .T. ) ;
#1881 = CARTESIAN_POINT ( 'NONE',  ( -3.500000000000153211, -10.00000000000000533, -131.3499999999995111 ) ) ;
#1882 = ORIENTED_EDGE ( 'NONE', *, *, #35, .T. ) ;
#1883 = CIRCLE ( 'NONE', #31, 3.000000000000000000 ) ;
#1884 = VERTEX_POINT ( 'NONE', #115 ) ;
#1885 = EDGE_CURVE ( 'NONE', #1099, #614, #1664, .T. ) ;
#1886 = VERTEX_POINT ( 'NONE', #588 ) ;
#1887 = CIRCLE ( 'NONE', #1260, 1.249999999999997558 ) ;
#1888 = CARTESIAN_POINT ( 'NONE',  ( -113.5000000000001847, 0.000000000000000000, -129.5999999999995111 ) ) ;
#1889 = ORIENTED_EDGE ( 'NONE', *, *, #996, .T. ) ;
#1890 = PERSON_AND_ORGANIZATION ( #1699, #77 ) ;
#1891 = LINE ( 'NONE', #922, #1667 ) ;
#1892 = VECTOR ( 'NONE', #1501, 1000.000000000000000 ) ;
#1893 = AXIS2_PLACEMENT_3D ( 'NONE', #1867, #1208, #570 ) ;
#1894 = CYLINDRICAL_SURFACE ( 'NONE', #1524, 1.250000000000001110 ) ;
#1895 = DIRECTION ( 'NONE',  ( 0.000000000000000000, 0.000000000000000000, -1.000000000000000000 ) ) ;
#1896 = ORIENTED_EDGE ( 'NONE', *, *, #189, .F. ) ;
#1897 = AXIS2_PLACEMENT_3D ( 'NONE', #1538, #918, #763 ) ;
#1898 = ADVANCED_FACE ( 'NONE', ( #134 ), #1416, .F. ) ;
#1899 = ORIENTED_EDGE ( 'NONE', *, *, #1593, .F. ) ;
#1900 = AXIS2_PLACEMENT_3D ( 'NONE', #1595, #1287, #1620 ) ;
#1901 = ORIENTED_EDGE ( 'NONE', *, *, #911, .F. ) ;
#1902 =( GEOMETRIC_REPRESENTATION_CONTEXT ( 3 ) GLOBAL_UNCERTAINTY_ASSIGNED_CONTEXT ( ( #532 ) ) GLOBAL_UNIT_ASSIGNED_CONTEXT ( ( #415, #1683, #114 ) ) REPRESENTATION_CONTEXT ( 'NONE', 'WORKASPACE' ) );
#1903 = LINE ( 'NONE', #1768, #1308 ) ;
#1904 = EDGE_LOOP ( 'NONE', ( #628, #1026, #1697, #143 ) ) ;
#1905 = DIRECTION ( 'NONE',  ( 0.000000000000000000, -1.000000000000000000, 0.000000000000000000 ) ) ;
#1906 = DIRECTION ( 'NONE',  ( 1.000000000000000000, -3.083952846180988900E-15, -1.039145474190524592E-16 ) ) ;
#1907 = FACE_BOUND ( 'NONE', #798, .T. ) ;
#1908 = VERTEX_POINT ( 'NONE', #1387 ) ;
#1909 = ORIENTED_EDGE ( 'NONE', *, *, #512, .F. ) ;
#1910 = ORIENTED_EDGE ( 'NONE', *, *, #1240, .T. ) ;
#1911 = EDGE_CURVE ( 'NONE', #414, #771, #1857, .T. ) ;
#1912 = DIRECTION ( 'NONE',  ( -1.000000000000000000, -0.000000000000000000, -0.000000000000000000 ) ) ;
#1913 = VERTEX_POINT ( 'NONE', #934 ) ;
#1914 = CARTESIAN_POINT ( 'NONE',  ( -219.3500000000000227, -5.749999999999134026, 0.05000000000132613642 ) ) ;
#1915 = LINE ( 'NONE', #1299, #758 ) ;
#1916 = DIRECTION ( 'NONE',  ( 0.000000000000000000, -0.000000000000000000, 1.000000000000000000 ) ) ;
#1917 = ORIENTED_EDGE ( 'NONE', *, *, #2021, .T. ) ;
#1918 = CARTESIAN_POINT ( 'NONE',  ( 219.3499999999999659, -4.500000000000529354, -89.94999999999872387 ) ) ;
#1919 = ORIENTED_EDGE ( 'NONE', *, *, #601, .F. ) ;
#1920 = ADVANCED_FACE ( 'NONE', ( #1077 ), #923, .F. ) ;
#1921 = LINE ( 'NONE', #821, #1767 ) ;
#1922 = ORIENTED_EDGE ( 'NONE', *, *, #877, .T. ) ;
#1923 = DIRECTION ( 'NONE',  ( -1.000000000000000000, 3.083952846180988900E-15, 1.220025301785886658E-16 ) ) ;
#1924 = PERSON_AND_ORGANIZATION ( #1699, #77 ) ;
#1925 = CARTESIAN_POINT ( 'NONE',  ( -120.4999999999998721, -10.00000000000000533, 127.8499999999995680 ) ) ;
#1926 = FACE_BOUND ( 'NONE', #592, .T. ) ;
#1927 = ORIENTED_EDGE ( 'NONE', *, *, #1566, .F. ) ;
#1928 = AXIS2_PLACEMENT_3D ( 'NONE', #1983, #551, #217 ) ;
#1929 = CARTESIAN_POINT ( 'NONE',  ( -219.3500000000000227, -5.749999999999173994, -89.94999999999866702 ) ) ;
#1930 = ORIENTED_EDGE ( 'NONE', *, *, #216, .F. ) ;
#1931 = CIRCLE ( 'NONE', #703, 1.249999999999997558 ) ;
#1932 = EDGE_CURVE ( 'NONE', #2034, #180, #124, .T. ) ;
#1933 = LINE ( 'NONE', #1151, #1142 ) ;
#1934 = VERTEX_POINT ( 'NONE', #2027 ) ;
#1935 = CC_DESIGN_APPROVAL ( #52, ( #1316 ) ) ;
#1936 = LINE ( 'NONE', #999, #975 ) ;
#1937 = PERSON_AND_ORGANIZATION ( #1699, #77 ) ;
#1938 = EDGE_CURVE ( 'NONE', #1079, #352, #598, .T. ) ;
#1939 = EDGE_CURVE ( 'NONE', #256, #329, #405, .T. ) ;
#1940 = DIRECTION ( 'NONE',  ( -0.000000000000000000, 1.000000000000000000, -0.000000000000000000 ) ) ;
#1941 = LINE ( 'NONE', #1014, #1967 ) ;
#1942 = ORIENTED_EDGE ( 'NONE', *, *, #523, .T. ) ;
#1943 = FACE_OUTER_BOUND ( 'NONE', #1631, .T. ) ;
#1944 = EDGE_LOOP ( 'NONE', ( #1650, #818, #280, #1876 ) ) ;
#1945 = CARTESIAN_POINT ( 'NONE',  ( 0.000000000000000000, -1.000000000000000000, 131.3499999999995680 ) ) ;
#1946 = ORIENTED_EDGE ( 'NONE', *, *, #1839, .T. ) ;
#1947 = CARTESIAN_POINT ( 'NONE',  ( 113.4999999999998153, -1.000000000000000888, -129.5999999999995111 ) ) ;
#1948 = DIRECTION ( 'NONE',  ( 0.000000000000000000, 0.000000000000000000, -1.000000000000000000 ) ) ;
#1949 = FACE_OUTER_BOUND ( 'NONE', #2050, .T. ) ;
#1950 = EDGE_CURVE ( 'NONE', #1057, #954, #543, .T. ) ;
#1951 = DIRECTION ( 'NONE',  ( 1.039145474190524592E-16, 4.379057701015053347E-47, 1.000000000000000000 ) ) ;
#1952 = ORIENTED_EDGE ( 'NONE', *, *, #1029, .F. ) ;
#1953 = CC_DESIGN_PERSON_AND_ORGANIZATION_ASSIGNMENT ( #314, #359, ( #1316 ) ) ;
#1954 = DIRECTION ( 'NONE',  ( -1.000000000000000000, 3.083952846180989294E-15, 1.220025301785886658E-16 ) ) ;
#1955 = DIRECTION ( 'NONE',  ( 1.000000000000000000, 0.000000000000000000, 0.000000000000000000 ) ) ;
#1956 = VECTOR ( 'NONE', #255, 1000.000000000000000 ) ;
#1957 = CARTESIAN_POINT ( 'NONE',  ( 218.3500000000000227, -5.750000000000484057, 0.05000000000127273470 ) ) ;
#1958 = CARTESIAN_POINT ( 'NONE',  ( -219.3499999999999943, -10.00000000000000178, 130.5500000000000114 ) ) ;
#1959 = CARTESIAN_POINT ( 'NONE',  ( -117.4999999999998721, -10.00000000000000533, 127.8499999999995680 ) ) ;
#1960 = ORIENTED_EDGE ( 'NONE', *, *, #1980, .F. ) ;
#1961 = AXIS2_PLACEMENT_3D ( 'NONE', #327, #478, #1475 ) ;
#1962 = EDGE_CURVE ( 'NONE', #1975, #1265, #1148, .T. ) ;
#1963 = VECTOR ( 'NONE', #1171, 1000.000000000000000 ) ;
#1964 = DIRECTION ( 'NONE',  ( -1.000000000000000000, 3.083952846180989294E-15, 1.220025301785886658E-16 ) ) ;
#1965 = CIRCLE ( 'NONE', #238, 1.750000000000001554 ) ;
#1966 = DIRECTION ( 'NONE',  ( 0.000000000000000000, 1.000000000000000000, 0.000000000000000000 ) ) ;
#1967 = VECTOR ( 'NONE', #1641, 1000.000000000000000 ) ;
#1968 = DIRECTION ( 'NONE',  ( 1.000000000000000000, -3.491481338843133355E-15, -1.039145474190524715E-16 ) ) ;
#1969 = CARTESIAN_POINT ( 'NONE',  ( 219.3500000000000227, -7.000000000000001776, 133.5500000000000114 ) ) ;
#1970 = DIRECTION ( 'NONE',  ( 0.000000000000000000, 1.000000000000000000, 0.000000000000000000 ) ) ;
#1971 = ORIENTED_EDGE ( 'NONE', *, *, #224, .F. ) ;
#1972 = FACE_OUTER_BOUND ( 'NONE', #969, .T. ) ;
#1973 = EDGE_CURVE ( 'NONE', #1099, #764, #147, .T. ) ;
#1974 = DIRECTION ( 'NONE',  ( 1.000000000000000000, -3.083952846180988900E-15, -1.039145474190524592E-16 ) ) ;
#1975 = VERTEX_POINT ( 'NONE', #618 ) ;
#1976 = DIRECTION ( 'NONE',  ( 0.000000000000000000, 1.000000000000000000, 0.000000000000000000 ) ) ;
#1977 = CARTESIAN_POINT ( 'NONE',  ( 218.3500000000000227, -5.750000000000491163, 90.05000000000126192 ) ) ;
#1978 = LINE ( 'NONE', #740, #1790 ) ;
#1979 = ORIENTED_EDGE ( 'NONE', *, *, #1690, .T. ) ;
#1980 = EDGE_CURVE ( 'NONE', #992, #1132, #1891, .T. ) ;
#1981 = FACE_OUTER_BOUND ( 'NONE', #1114, .T. ) ;
#1982 = ADVANCED_FACE ( 'NONE', ( #767 ), #96, .F. ) ;
#1983 = CARTESIAN_POINT ( 'NONE',  ( 218.3500000000000227, -7.000000000000005329, 130.5500000000000114 ) ) ;
#1984 = ORIENTED_EDGE ( 'NONE', *, *, #1181, .F. ) ;
#1985 = AXIS2_PLACEMENT_3D ( 'NONE', #354, #198, #1158 ) ;
#1986 = DIRECTION ( 'NONE',  ( -1.000000000000000000, -3.083952846180988900E-15, -0.000000000000000000 ) ) ;
#1987 = CYLINDRICAL_SURFACE ( 'NONE', #1015, 1.750000000000001554 ) ;
#1988 = CIRCLE ( 'NONE', #204, 1.750000000000001554 ) ;
#1989 = LINE ( 'NONE', #68, #1956 ) ;
#1990 = EDGE_LOOP ( 'NONE', ( #475, #1917, #736, #442 ) ) ;
#1991 = LINE ( 'NONE', #1525, #906 ) ;
#1992 = CIRCLE ( 'NONE', #169, 1.250000000000001110 ) ;
#1993 = EDGE_CURVE ( 'NONE', #1253, #626, #744, .T. ) ;
#1994 = VECTOR ( 'NONE', #58, 1000.000000000000000 ) ;
#1995 = DIRECTION ( 'NONE',  ( 0.000000000000000000, 0.000000000000000000, 1.000000000000000000 ) ) ;
#1996 = EDGE_LOOP ( 'NONE', ( #161, #1591, #1746, #1575 ) ) ;
#1997 = AXIS2_PLACEMENT_3D ( 'NONE', #1116, #1747, #1257 ) ;
#1998 = CYLINDRICAL_SURFACE ( 'NONE', #727, 1.249999999999997558 ) ;
#1999 = PLANE ( 'NONE',  #1567 ) ;
#2000 = DIRECTION ( 'NONE',  ( 3.083952846180988900E-15, 1.000000000000000000, 0.000000000000000000 ) ) ;
#2001 = CIRCLE ( 'NONE', #735, 1.249999999999997558 ) ;
#2002 = ADVANCED_FACE ( 'NONE', ( #1548, #1877, #597, #1093, #1249, #753, #1062 ), #1406, .T. ) ;
#2003 = CARTESIAN_POINT ( 'NONE',  ( 218.3500000000000227, -7.000000000000005329, -130.5500000000000114 ) ) ;
#2004 = VERTEX_POINT ( 'NONE', #1723 ) ;
#2005 = CARTESIAN_POINT ( 'NONE',  ( -117.4999999999998721, 0.000000000000000000, 131.3499999999995680 ) ) ;
#2006 = CARTESIAN_POINT ( 'NONE',  ( 218.3499999999999943, -1.500000000000001332, 133.5500000000000114 ) ) ;
#2007 = ORIENTED_EDGE ( 'NONE', *, *, #694, .F. ) ;
#2008 = CARTESIAN_POINT ( 'NONE',  ( 219.3499999999999659, -5.750000000000487610, 0.05000000000127260980 ) ) ;
#2009 = CARTESIAN_POINT ( 'NONE',  ( -219.3500000000000227, 6.799565381486429701E-13, -133.5500000000000114 ) ) ;
#2010 = ORIENTED_EDGE ( 'NONE', *, *, #1502, .T. ) ;
#2011 = EDGE_CURVE ( 'NONE', #904, #820, #2001, .T. ) ;
#2012 = VERTEX_POINT ( 'NONE', #1840 ) ;
#2013 = DIRECTION ( 'NONE',  ( -0.000000000000000000, -0.000000000000000000, -1.000000000000000000 ) ) ;
#2014 = ORIENTED_EDGE ( 'NONE', *, *, #523, .F. ) ;
#2015 = ADVANCED_FACE ( 'NONE', ( #1379 ), #1368, .F. ) ;
#2016 = DIRECTION ( 'NONE',  ( -1.000000000000000000, 3.083952846180989294E-15, 1.220025301785886658E-16 ) ) ;
#2017 = VECTOR ( 'NONE', #526, 1000.000000000000000 ) ;
#2018 = CARTESIAN_POINT ( 'NONE',  ( 219.3499999999999659, -5.750000000000487610, 0.05000000000127260980 ) ) ;
#2019 = EDGE_LOOP ( 'NONE', ( #27, #1152, #1130, #471 ) ) ;
#2020 = ORIENTED_EDGE ( 'NONE', *, *, #481, .F. ) ;
#2021 = EDGE_CURVE ( 'NONE', #1450, #794, #636, .T. ) ;
#2022 = VECTOR ( 'NONE', #1675, 1000.000000000000000 ) ;
#2023 = DIRECTION ( 'NONE',  ( 0.000000000000000000, 1.000000000000000000, 0.000000000000000000 ) ) ;
#2024 = EDGE_LOOP ( 'NONE', ( #1535, #18, #793, #729 ) ) ;
#2025 = CIRCLE ( 'NONE', #536, 1.249999999999997558 ) ;
#2026 = DIRECTION ( 'NONE',  ( 1.000000000000000000, -3.083952846180988900E-15, -1.039145474190524592E-16 ) ) ;
#2027 = CARTESIAN_POINT ( 'NONE',  ( -116.5000000000001847, 0.000000000000000000, -127.8499999999995254 ) ) ;
#2028 = AXIS2_PLACEMENT_3D ( 'NONE', #205, #156, #358 ) ;
#2029 = DIRECTION ( 'NONE',  ( 0.000000000000000000, 1.000000000000000000, 0.000000000000000000 ) ) ;
#2030 = ORIENTED_EDGE ( 'NONE', *, *, #712, .T. ) ;
#2031 = VECTOR ( 'NONE', #1407, 1000.000000000000000 ) ;
#2032 = ORIENTED_EDGE ( 'NONE', *, *, #450, .T. ) ;
#2033 = CARTESIAN_POINT ( 'NONE',  ( 0.000000000000000000, -1.000000000000000000, 131.2999999999991303 ) ) ;
#2034 = VERTEX_POINT ( 'NONE', #946 ) ;
#2035 = ADVANCED_FACE ( 'NONE', ( #725 ), #1999, .F. ) ;
#2036 = MECHANICAL_CONTEXT ( 'NONE', #162, 'mechanical' ) ;
#2037 = CARTESIAN_POINT ( 'NONE',  ( 116.4999999999998153, 0.000000000000000000, -129.5999999999995111 ) ) ;
#2038 = DIRECTION ( 'NONE',  ( 1.000000000000000000, -3.083952846180988900E-15, -1.039145474190524592E-16 ) ) ;
#2039 = DIRECTION ( 'NONE',  ( 0.000000000000000000, -1.000000000000000000, 0.000000000000000000 ) ) ;
#2040 = ORIENTED_EDGE ( 'NONE', *, *, #224, .T. ) ;
#2041 = ORIENTED_EDGE ( 'NONE', *, *, #1168, .T. ) ;
#2042 = EDGE_CURVE ( 'NONE', #1913, #806, #273, .T. ) ;
#2043 = CARTESIAN_POINT ( 'NONE',  ( 219.3500000000000227, -10.00000000000000178, 133.5500000000000114 ) ) ;
#2044 = ORIENTED_EDGE ( 'NONE', *, *, #1246, .F. ) ;
#2045 = PERSON_AND_ORGANIZATION_ROLE ( 'design_owner' ) ;
#2046 = DIRECTION ( 'NONE',  ( 1.000000000000000000, 0.000000000000000000, 0.000000000000000000 ) ) ;
#2047 = CARTESIAN_POINT ( 'NONE',  ( 113.4999999999998153, -10.00000000000000533, -131.3499999999995111 ) ) ;
#2048 = CARTESIAN_POINT ( 'NONE',  ( -113.5000000000001847, 0.000000000000000000, -131.3499999999995111 ) ) ;
#2049 = ORIENTED_EDGE ( 'NONE', *, *, #485, .F. ) ;
#2050 = EDGE_LOOP ( 'NONE', ( #1104, #1681, #1112, #547 ) ) ;
#2051 = ORIENTED_EDGE ( 'NONE', *, *, #1070, .T. ) ;
#2052 = DIRECTION ( 'NONE',  ( -0.000000000000000000, 1.000000000000000000, -0.000000000000000000 ) ) ;
#2053 = ORIENTED_EDGE ( 'NONE', *, *, #1021, .F. ) ;
ENDSEC;
END-ISO-10303-21;
